{
  "components/themevale/homepage/component/instagram-carousel": "{{#if instagram-carousel '==' 'instagram-carousel-1'}}\r\n<section id=\"InstagramGallery\" class=\"themevale-section {{padding_top}} {{padding_bottom}} background-gray\">\r\n    <div class=\"container\">\r\n        {{#if theme_settings.instagram_title '!=' ''}}\r\n            <h2 class=\"page-heading {{title-border}}\">\r\n                <span class=\"title\">\r\n                   <svg class=\"icon\" aria-hidden=\"true\"><use xlink:href=\"#icon-instagram\"></use></svg>\r\n                    {{theme_settings.instagram_title}}\r\n                </span>\r\n            </h2>\r\n        {{/if}}\r\n        {{#if theme_settings.instagram_description '!=' ''}}\r\n            <p class=\"page-description\">{{theme_settings.instagram_description}}</p>\r\n        {{/if}}    \r\n        {{#if theme_settings.instagram_layout '==' 'app'}}\r\n            <div id=\"instafeed\" class=\"themevale_instagram-carousel instagram-app\">\r\n                {{#if theme_settings.instagram_app_code '!=' ''}}\r\n                    <script src='https://snapppt.com/widgets/widget_loader/{{theme_settings.instagram_app_code}}' defer class='snapppt-widget'></script>\r\n                {{/if}}\r\n            </div>\r\n        {{else}}\r\n            <div id=\"instafeed\" class=\"themevale_instagram-carousel\" data-slick='{\r\n                \"arrows\": false,\r\n                \"dots\": true,\r\n                \"autoplay\": false,\r\n                \"infinite\": true,\r\n                \"slidesToShow\": 2,\r\n                \"slidesToScroll\": 2,\r\n                \"mobileFirst\": true,\r\n                \"nextArrow\": \"<svg class=&apos;slick-next slick-arrow&apos; aria-label=&apos;Next Instagram Image&apos;><use xlink:href=&apos;#icon-slick-next&apos;></use></svg>\", \r\n                \"prevArrow\": \"<svg class=&apos;slick-prev slick-arrow&apos; aria-label=&apos;Previous Instagram Image&apos;><use xlink:href=&apos;#icon-slick-prev&apos;></use></svg>\",\r\n                \"responsive\": [\r\n                    {\r\n                        \"breakpoint\": 1024,\r\n                        \"settings\": {\r\n                            \"slidesToShow\": 5,\r\n                            \"slidesToScroll\": 5,\r\n                            \"arrows\": true,\r\n                            \"dots\": false\r\n                        }\r\n                    },\r\n                    {\r\n                        \"breakpoint\": 767,\r\n                        \"settings\": {\r\n                            \"slidesToShow\": 4,\r\n                            \"slidesToScroll\": 4,\r\n                            \"arrows\": false,\r\n                            \"dots\": true\r\n                        }\r\n                    },\r\n                    {\r\n                        \"breakpoint\": 550,\r\n                        \"settings\": {\r\n                            \"slidesToShow\": 3,\r\n                            \"slidesToScroll\": 3,\r\n                            \"arrows\": false,\r\n                            \"dots\": true\r\n                        }\r\n                    }\r\n                ]}'>\r\n                {{#if theme_settings.instagram_image_1 '!=' ''}}\r\n                    <a class=\"instagram-link\"\r\n                    {{#if theme_settings.instagram_type '==' 'fancybox'}} data-fancybox=\"images\" aria-label=\"Open Instagram Image 1 in a popup\"{{else}} target=\"_blank\" rel=\"noopener\" aria-label=\"Open Instagram Image 1 in a new tab\"{{/if}} \r\n                    href=\"javascript:void(0);\" data-href=\"{{#if theme_settings.instagram_type '==' 'fancybox'}}/product_images/uploaded_images/{{theme_settings.instagram_image_1}}{{else}}{{theme_settings.instagram_link_1}}{{/if}}\">\r\n                        <img class=\"lazyload 123\" src=\"{{cdn 'img/loading.svg'}}\" data-src=\"/product_images/uploaded_images/{{theme_settings.instagram_image_1}}\" alt=\"Instagram Image 1\"/>\r\n                    </a>\r\n                {{/if}}\r\n\r\n                {{#if theme_settings.instagram_image_2 '!=' ''}}\r\n                    <a class=\"instagram-link\"\r\n                    {{#if theme_settings.instagram_type '==' 'fancybox'}} data-fancybox=\"images\" aria-label=\"Open Instagram Image 2 in a popup\"{{else}} target=\"_blank\" rel=\"noopener\" aria-label=\"Open Instagram Image 2 in a new tab\"{{/if}}\r\n                    href=\"javascript:void(0)\" data-href=\"{{#if theme_settings.instagram_type '==' 'fancybox'}}/product_images/uploaded_images/{{theme_settings.instagram_image_2}}{{else}}{{theme_settings.instagram_link_2}}{{/if}}\">\r\n                        <img class=\"lazyload\" src=\"{{cdn 'img/loading.svg'}}\" data-src=\"/product_images/uploaded_images/{{theme_settings.instagram_image_2}}\" alt=\"Instagram Image 2\" />\r\n                    </a>\r\n                {{/if}}\r\n\r\n                {{#if theme_settings.instagram_image_3 '!=' ''}}\r\n                    <a class=\"instagram-link\"\r\n                    {{#if theme_settings.instagram_type '==' 'fancybox'}} data-fancybox=\"images\" aria-label=\"Open Instagram Image 3 in a popup\"{{else}} target=\"_blank\" rel=\"noopener\" aria-label=\"Open Instagram Image 3 in a new tab\"{{/if}}\r\n                    href=\"javascript:void(0);\" data-href=\"{{#if theme_settings.instagram_type '==' 'fancybox'}}/product_images/uploaded_images/{{theme_settings.instagram_image_3}}{{else}}{{theme_settings.instagram_link_3}}{{/if}}\">\r\n                        <img class=\"lazyload\" src=\"{{cdn 'img/loading.svg'}}\" data-src=\"/product_images/uploaded_images/{{theme_settings.instagram_image_3}}\" alt=\"Instagram Image 3\" />\r\n                    </a>\r\n                {{/if}}\r\n\r\n                {{#if theme_settings.instagram_image_4 '!=' ''}}\r\n                    <a class=\"instagram-link\"\r\n                    {{#if theme_settings.instagram_type '==' 'fancybox'}} data-fancybox=\"images\" aria-label=\"Open Instagram Image 4 in a popup\"{{else}} target=\"_blank\" rel=\"noopener\" aria-label=\"Open Instagram Image 4 in a new tab\"{{/if}}\r\n                    href=\"javascript:void(0);\" data-href=\"{{#if theme_settings.instagram_type '==' 'fancybox'}}/product_images/uploaded_images/{{theme_settings.instagram_image_4}}{{else}}{{theme_settings.instagram_link_4}}{{/if}}\" aria-label=\"Open Instagram Image 4 in a new tab\">\r\n                        <img class=\"lazyload\" src=\"{{cdn 'img/loading.svg'}}\" data-src=\"/product_images/uploaded_images/{{theme_settings.instagram_image_4}}\" alt=\"Instagram Image 4\" />\r\n                    </a>\r\n                {{/if}}\r\n\r\n                {{#if theme_settings.instagram_image_5 '!=' ''}}\r\n                    <a class=\"instagram-link\"\r\n                    {{#if theme_settings.instagram_type '==' 'fancybox'}} data-fancybox=\"images\" aria-label=\"Open Instagram Image 5 in a popup\"{{else}} target=\"_blank\" rel=\"noopener\" aria-label=\"Open Instagram Image 5 in a new tab\"{{/if}}\r\n                    href=\"javascript:void(0);\" data-href=\"{{#if theme_settings.instagram_type '==' 'fancybox'}}/product_images/uploaded_images/{{theme_settings.instagram_image_5}}{{else}}{{theme_settings.instagram_link_5}}{{/if}}\" aria-label=\"Open Instagram Image 5 in a new tab\">\r\n                        <img class=\"lazyload\" src=\"{{cdn 'img/loading.svg'}}\" data-src=\"/product_images/uploaded_images/{{theme_settings.instagram_image_5}}\" alt=\"Instagram Image 5\" />\r\n                    </a>\r\n                {{/if}}\r\n\r\n                {{#if theme_settings.instagram_image_6 '!=' ''}}\r\n                    <a class=\"instagram-link\"\r\n                    {{#if theme_settings.instagram_type '==' 'fancybox'}} data-fancybox=\"images\" aria-label=\"Open Instagram Image 6 in a popup\"{{else}} target=\"_blank\" rel=\"noopener\" aria-label=\"Open Instagram Image 6 in a new tab\"{{/if}}\r\n                    href=\"javascript:void(0);\" data-href=\"{{#if theme_settings.instagram_type '==' 'fancybox'}}/product_images/uploaded_images/{{theme_settings.instagram_image_6}}{{else}}{{theme_settings.instagram_link_6}}{{/if}}\" aria-label=\"Open Instagram Image 6 in a new tab\">\r\n                        <img class=\"lazyload\" src=\"{{cdn 'img/loading.svg'}}\" data-src=\"/product_images/uploaded_images/{{theme_settings.instagram_image_6}}\" alt=\"Instagram Image 6\" />\r\n                    </a>\r\n                {{/if}}\r\n\r\n                {{#if theme_settings.instagram_image_7 '!=' ''}}\r\n                    <a class=\"instagram-link\"\r\n                    {{#if theme_settings.instagram_type '==' 'fancybox'}} data-fancybox=\"images\" aria-label=\"Open Instagram Image 7 in a popup\"{{else}} target=\"_blank\" rel=\"noopener\" aria-label=\"Open Instagram Image 7 in a new tab\"{{/if}}\r\n                    href=\"javascript:void(0);\" data-href=\"{{#if theme_settings.instagram_type '==' 'fancybox'}}/product_images/uploaded_images/{{theme_settings.instagram_image_7}}{{else}}{{theme_settings.instagram_link_7}}{{/if}}\" aria-label=\"Open Instagram Image 7 in a new tab\">\r\n                        <img class=\"lazyload\" src=\"{{cdn 'img/loading.svg'}}\" data-src=\"/product_images/uploaded_images/{{theme_settings.instagram_image_7}}\" alt=\"Instagram Image 7\" />\r\n                    </a>\r\n                {{/if}}\r\n\r\n                {{#if theme_settings.instagram_image_8 '!=' ''}}\r\n                    <a class=\"instagram-link\"\r\n                    {{#if theme_settings.instagram_type '==' 'fancybox'}} data-fancybox=\"images\" aria-label=\"Open Instagram Image 8 in a popup\"{{else}} target=\"_blank\" rel=\"noopener\" aria-label=\"Open Instagram Image 8 in a new tab\"{{/if}}\r\n                    href=\"javascript:void(0);\" data-href=\"{{#if theme_settings.instagram_type '==' 'fancybox'}}/product_images/uploaded_images/{{theme_settings.instagram_image_8}}{{else}}{{theme_settings.instagram_link_8}}{{/if}}\" aria-label=\"Open Instagram Image 8 in a new tab\">\r\n                        <img class=\"lazyload\" src=\"{{cdn 'img/loading.svg'}}\" data-src=\"/product_images/uploaded_images/{{theme_settings.instagram_image_8}}\" alt=\"Instagram Image 8\" />\r\n                    </a>\r\n                {{/if}}\r\n\r\n                {{#if theme_settings.instagram_image_9 '!=' ''}}\r\n                    <a class=\"instagram-link\"\r\n                    {{#if theme_settings.instagram_type '==' 'fancybox'}} data-fancybox=\"images\" aria-label=\"Open Instagram Image 9 in a popup\"{{else}} target=\"_blank\" rel=\"noopener\" aria-label=\"Open Instagram Image 9 in a new tab\"{{/if}}\r\n                    href=\"javascript:void(0);\" data-href=\"{{#if theme_settings.instagram_type '==' 'fancybox'}}/product_images/uploaded_images/{{theme_settings.instagram_image_9}}{{else}}{{theme_settings.instagram_link_9}}{{/if}}\" aria-label=\"Open Instagram Image 9 in a new tab\">\r\n                        <img class=\"lazyload\" src=\"{{cdn 'img/loading.svg'}}\" data-src=\"/product_images/uploaded_images/{{theme_settings.instagram_image_9}}\" alt=\"Instagram Image 9\" />\r\n                    </a>\r\n                {{/if}}\r\n\r\n                {{#if theme_settings.instagram_image_10 '!=' ''}}\r\n                    <a class=\"instagram-link\"\r\n                    {{#if theme_settings.instagram_type '==' 'fancybox'}} data-fancybox=\"images\" aria-label=\"Open Instagram Image 10 in a popup\"{{else}} target=\"_blank\" rel=\"noopener\" aria-label=\"Open Instagram Image 10 in a new tab\"{{/if}}\r\n                    href=\"javascript:void(0);\" data-href=\"{{#if theme_settings.instagram_type '==' 'fancybox'}}/product_images/uploaded_images/{{theme_settings.instagram_image_10}}{{else}}{{theme_settings.instagram_link_10}}{{/if}}\" aria-label=\"Open Instagram Image 10 in a new tab\">\r\n                        <img class=\"lazyload\" src=\"{{cdn 'img/loading.svg'}}\" data-src=\"/product_images/uploaded_images/{{theme_settings.instagram_image_10}}\" alt=\"Instagram Image 10\" />\r\n                    </a>\r\n                {{/if}}\r\n            </div>  \r\n        {{/if}}   \r\n        {{#if theme_settings.instagram_link_url '!=' ''}}\r\n            <div class=\"button-wrapper text-center padding-top-30\">\r\n                <a href=\"{{theme_settings.instagram_link_url}}\" target=\"_blank\" rel=\"noopener\" class=\"button\" aria-label=\"View Instagram Gallery in a new tab\"><span>{{theme_settings.instagram_link_text}}</span></a>\r\n            </div>\r\n        {{/if}}\r\n    </div>\r\n</section>\r\n{{/if}}\r\n\r\n{{#if instagram-carousel '==' 'instagram-carousel-2'}}\r\n<section id=\"InstagramGallery\" class=\"themevale-section {{padding_top}} {{padding_bottom}} {{border-top}}\">\r\n    <div class=\"container\">\r\n        {{#if theme_settings.instagram_title '!=' ''}}\r\n            <h2 class=\"page-heading {{title-border}}\">\r\n                <span class=\"title\">\r\n                   <svg class=\"icon\" aria-hidden=\"true\"><use xlink:href=\"#icon-instagram\"></use></svg>\r\n                    {{theme_settings.instagram_title}}\r\n                </span>\r\n            </h2>\r\n        {{/if}}\r\n        {{#if theme_settings.instagram_description '!=' ''}}\r\n            <p class=\"page-description\">{{theme_settings.instagram_description}}</p>\r\n        {{/if}}\r\n        {{#if theme_settings.instagram_layout '==' 'app'}}\r\n            <div id=\"instafeed\" class=\"themevale_instagram-carousel instagram-app\">\r\n                {{#if theme_settings.instagram_app_code '!=' ''}}\r\n                    <script src='https://snapppt.com/widgets/widget_loader/{{theme_settings.instagram_app_code}}' defer class='snapppt-widget'></script>\r\n                {{/if}}\r\n            </div>\r\n        {{else}}\r\n            <div id=\"instafeed\" class=\"themevale_instagram-carousel\" data-slick='{\r\n                \"arrows\": false,\r\n                \"dots\": true,\r\n                \"autoplay\": false,\r\n                \"infinite\": false,\r\n                \"slidesToShow\": 2,\r\n                \"slidesToScroll\": 2,\r\n                \"mobileFirst\": true,\r\n                \"nextArrow\": \"<svg class=&apos;slick-next slick-arrow&apos; aria-label=&apos;Next Instagram Image&apos;><use xlink:href=&apos;#icon-slick-next&apos;></use></svg>\", \r\n                \"prevArrow\": \"<svg class=&apos;slick-prev slick-arrow&apos; aria-label=&apos;Previous Instagram Image&apos;><use xlink:href=&apos;#icon-slick-prev&apos;></use></svg>\",\r\n                \"responsive\": [\r\n                    {\r\n                        \"breakpoint\": 1024,\r\n                        \"settings\": {\r\n                            \"slidesToShow\": 5,\r\n                            \"slidesToScroll\": 5,\r\n                            \"arrows\": true,\r\n                            \"dots\": false\r\n                        }\r\n                    },\r\n                    {\r\n                        \"breakpoint\": 767,\r\n                        \"settings\": {\r\n                            \"slidesToShow\": 4,\r\n                            \"slidesToScroll\": 4,\r\n                            \"arrows\": false,\r\n                            \"dots\": true\r\n                        }\r\n                    },\r\n                    {\r\n                        \"breakpoint\": 550,\r\n                        \"settings\": {\r\n                            \"slidesToShow\": 3,\r\n                            \"slidesToScroll\": 3,\r\n                            \"arrows\": false,\r\n                            \"dots\": true\r\n                        }\r\n                    }\r\n                ]}'>\r\n                {{#if theme_settings.instagram_image_1 '!=' ''}}\r\n                    <a class=\"instagram-link\"\r\n                    {{#if theme_settings.instagram_type '==' 'fancybox'}} data-fancybox=\"images\"{{else}} target=\"_blank\" rel=\"noopener\"{{/if}} \r\n                    href=\"javascript:void(0);\" data-href=\"{{#if theme_settings.instagram_type '==' 'fancybox'}}/product_images/uploaded_images/{{theme_settings.instagram_image_1}}{{else}}{{theme_settings.instagram_link_1}}{{/if}}\" aria-label=\"Open Instagram Image 1 in a new tab\">\r\n                        <img class=\"lazyload\" src=\"{{cdn 'img/loading.svg'}}\" data-src=\"/product_images/uploaded_images/{{theme_settings.instagram_image_1}}\" alt=\"Instagram Image 1\" />\r\n                    </a>\r\n                {{/if}}\r\n\r\n                {{#if theme_settings.instagram_image_2 '!=' ''}}\r\n                    <a class=\"instagram-link\"\r\n                    {{#if theme_settings.instagram_type '==' 'fancybox'}} data-fancybox=\"images\" aria-label=\"Open Instagram Image 2 in a popup\"{{else}} target=\"_blank\" rel=\"noopener\" aria-label=\"Open Instagram Image 2 in a new tab\"{{/if}}\r\n                    href=\"javascript:void(0);\" data-href=\"{{#if theme_settings.instagram_type '==' 'fancybox'}}/product_images/uploaded_images/{{theme_settings.instagram_image_2}}{{else}}{{theme_settings.instagram_link_2}}{{/if}}\" aria-label=\"Open Instagram Image 2 in a new tab\">\r\n                        <img class=\"lazyload\" src=\"{{cdn 'img/loading.svg'}}\" data-src=\"/product_images/uploaded_images/{{theme_settings.instagram_image_2}}\" alt=\"Instagram Image 2\" />\r\n                    </a>\r\n                {{/if}}\r\n\r\n                {{#if theme_settings.instagram_image_3 '!=' ''}}\r\n                    <a class=\"instagram-link\"\r\n                    {{#if theme_settings.instagram_type '==' 'fancybox'}} data-fancybox=\"images\" aria-label=\"Open Instagram Image 3 in a popup\"{{else}} target=\"_blank\" rel=\"noopener\" aria-label=\"Open Instagram Image 3 in a new tab\"{{/if}}\r\n                    href=\"javascript:void(0);\" data-href=\"{{#if theme_settings.instagram_type '==' 'fancybox'}}/product_images/uploaded_images/{{theme_settings.instagram_image_3}}{{else}}{{theme_settings.instagram_link_3}}{{/if}}\">\r\n                        <img class=\"lazyload\" src=\"{{cdn 'img/loading.svg'}}\" data-src=\"/product_images/uploaded_images/{{theme_settings.instagram_image_3}}\" alt=\"Instagram Image 3\" />\r\n                    </a>\r\n                {{/if}}\r\n\r\n                {{#if theme_settings.instagram_image_4 '!=' ''}}\r\n                    <a class=\"instagram-link\"\r\n                    {{#if theme_settings.instagram_type '==' 'fancybox'}} data-fancybox=\"images\" aria-label=\"Open Instagram Image 4 in a popup\"{{else}} target=\"_blank\" rel=\"noopener\" aria-label=\"Open Instagram Image 4 in a new tab\"{{/if}}\r\n                    href=\"javascript:void(0);\" data-href=\"{{#if theme_settings.instagram_type '==' 'fancybox'}}/product_images/uploaded_images/{{theme_settings.instagram_image_4}}{{else}}{{theme_settings.instagram_link_4}}{{/if}}\">\r\n                        <img class=\"lazyload\" src=\"{{cdn 'img/loading.svg'}}\" data-src=\"/product_images/uploaded_images/{{theme_settings.instagram_image_4}}\" alt=\"Instagram Image 4\" />\r\n                    </a>\r\n                {{/if}}\r\n\r\n                {{#if theme_settings.instagram_image_5 '!=' ''}}\r\n                    <a class=\"instagram-link\"\r\n                    {{#if theme_settings.instagram_type '==' 'fancybox'}} data-fancybox=\"images\" aria-label=\"Open Instagram Image 5 in a popup\"{{else}} target=\"_blank\" rel=\"noopener\" aria-label=\"Open Instagram Image 5 in a new tab\"{{/if}}\r\n                    href=\"javascript:void(0);\" data-href=\"{{#if theme_settings.instagram_type '==' 'fancybox'}}/product_images/uploaded_images/{{theme_settings.instagram_image_5}}{{else}}{{theme_settings.instagram_link_5}}{{/if}}\">\r\n                        <img class=\"lazyload\" src=\"{{cdn 'img/loading.svg'}}\" data-src=\"/product_images/uploaded_images/{{theme_settings.instagram_image_5}}\" alt=\"Instagram Image 5\" />\r\n                    </a>\r\n                {{/if}}\r\n\r\n                {{#if theme_settings.instagram_image_6 '!=' ''}}\r\n                    <a class=\"instagram-link\"\r\n                    {{#if theme_settings.instagram_type '==' 'fancybox'}} data-fancybox=\"images\" aria-label=\"Open Instagram Image 6 in a popup\"{{else}} target=\"_blank\" rel=\"noopener\" aria-label=\"Open Instagram Image 6 in a new tab\"{{/if}}\r\n                    href=\"javascript:void(0);\" data-href=\"{{#if theme_settings.instagram_type '==' 'fancybox'}}/product_images/uploaded_images/{{theme_settings.instagram_image_6}}{{else}}{{theme_settings.instagram_link_6}}{{/if}}\">\r\n                        <img class=\"lazyload\" src=\"{{cdn 'img/loading.svg'}}\" data-src=\"/product_images/uploaded_images/{{theme_settings.instagram_image_6}}\" alt=\"Instagram Image 6\" />\r\n                    </a>\r\n                {{/if}}\r\n\r\n                {{#if theme_settings.instagram_image_7 '!=' ''}}\r\n                    <a class=\"instagram-link\"\r\n                    {{#if theme_settings.instagram_type '==' 'fancybox'}} data-fancybox=\"images\" aria-label=\"Open Instagram Image 7 in a popup\"{{else}} target=\"_blank\" rel=\"noopener\" aria-label=\"Open Instagram Image 7 in a new tab\"{{/if}}\r\n                    href=\"javascript:void(0);\" data-href=\"{{#if theme_settings.instagram_type '==' 'fancybox'}}/product_images/uploaded_images/{{theme_settings.instagram_image_7}}{{else}}{{theme_settings.instagram_link_7}}{{/if}}\">\r\n                        <img class=\"lazyload\" src=\"{{cdn 'img/loading.svg'}}\" data-src=\"/product_images/uploaded_images/{{theme_settings.instagram_image_7}}\" alt=\"Instagram Image 7\" />\r\n                    </a>\r\n                {{/if}}\r\n\r\n                {{#if theme_settings.instagram_image_8 '!=' ''}}\r\n                    <a class=\"instagram-link\"\r\n                    {{#if theme_settings.instagram_type '==' 'fancybox'}} data-fancybox=\"images\" aria-label=\"Open Instagram Image 8 in a popup\"{{else}} target=\"_blank\" rel=\"noopener\" aria-label=\"Open Instagram Image 8 in a new tab\"{{/if}}\r\n                    href=\"javascript:void(0);\" data-href=\"{{#if theme_settings.instagram_type '==' 'fancybox'}}/product_images/uploaded_images/{{theme_settings.instagram_image_8}}{{else}}{{theme_settings.instagram_link_8}}{{/if}}\">\r\n                        <img class=\"lazyload\" src=\"{{cdn 'img/loading.svg'}}\" data-src=\"/product_images/uploaded_images/{{theme_settings.instagram_image_8}}\" alt=\"Instagram Image 8\" />\r\n                    </a>\r\n                {{/if}}\r\n\r\n                {{#if theme_settings.instagram_image_9 '!=' ''}}\r\n                    <a class=\"instagram-link\"\r\n                    {{#if theme_settings.instagram_type '==' 'fancybox'}} data-fancybox=\"images\" aria-label=\"Open Instagram Image 9 in a popup\"{{else}} target=\"_blank\" rel=\"noopener\" aria-label=\"Open Instagram Image 9 in a new tab\"{{/if}}\r\n                    href=\"javascript:void(0);\" data-href=\"{{#if theme_settings.instagram_type '==' 'fancybox'}}/product_images/uploaded_images/{{theme_settings.instagram_image_9}}{{else}}{{theme_settings.instagram_link_9}}{{/if}}\">\r\n                        <img class=\"lazyload\" src=\"{{cdn 'img/loading.svg'}}\" data-src=\"/product_images/uploaded_images/{{theme_settings.instagram_image_9}}\" alt=\"Instagram Image 9\" />\r\n                    </a>\r\n                {{/if}}\r\n\r\n                {{#if theme_settings.instagram_image_10 '!=' ''}}\r\n                    <a class=\"instagram-link\"\r\n                    {{#if theme_settings.instagram_type '==' 'fancybox'}} data-fancybox=\"images\" aria-label=\"Open Instagram Image 10 in a popup\"{{else}} target=\"_blank\" rel=\"noopener\" aria-label=\"Open Instagram Image 10 in a new tab\"{{/if}}\r\n                    href=\"javascript:void(0);\" data-href=\"{{#if theme_settings.instagram_type '==' 'fancybox'}}/product_images/uploaded_images/{{theme_settings.instagram_image_10}}{{else}}{{theme_settings.instagram_link_10}}{{/if}}\">\r\n                        <img class=\"lazyload\" src=\"{{cdn 'img/loading.svg'}}\" data-src=\"/product_images/uploaded_images/{{theme_settings.instagram_image_10}}\" alt=\"Instagram Image 10\" />\r\n                    </a>\r\n                {{/if}}\r\n            </div>  \r\n        {{/if}}   \r\n        {{#if theme_settings.instagram_link_url '!=' ''}}\r\n            <div class=\"button-wrapper text-center padding-top-30\">\r\n                <a href=\"{{theme_settings.instagram_link_url}}\" target=\"_blank\" rel=\"noopener\" class=\"button\" aria-label=\"View Instagram Gallery in a new tab\"><span>{{theme_settings.instagram_link_text}}</span></a>\r\n            </div>\r\n        {{/if}}\r\n    </div>\r\n</section>\r\n{{/if}}\r\n\r\n{{#if instagram-carousel '==' 'instagram-carousel-3'}}\r\n<section id=\"InstagramGallery2\" class=\"themevale-section {{padding_top}} {{padding_bottom}} {{border-top}}\">\r\n    <div class=\"container\">\r\n        {{#if theme_settings.instagram_title '!=' ''}}\r\n            <h2 class=\"page-heading {{title-border}}\">\r\n                <span class=\"title\">\r\n                   <svg class=\"icon\" aria-hidden=\"true\"><use xlink:href=\"#icon-instagram\"></use></svg>\r\n                    {{theme_settings.instagram_title}}\r\n                </span>\r\n            </h2>\r\n        {{/if}}\r\n        {{#if theme_settings.instagram_description '!=' ''}}\r\n            <p class=\"page-description\">{{theme_settings.instagram_description}}</p>\r\n        {{/if}}\r\n        {{#if theme_settings.instagram_layout '==' 'app'}}\r\n            <div id=\"instafeed\" class=\"themevale_instagram-carousel instagram-app\">\r\n                {{#if theme_settings.instagram_app_code '!=' ''}}\r\n                    <script src='https://snapppt.com/widgets/widget_loader/{{theme_settings.instagram_app_code}}' defer class='snapppt-widget'></script>\r\n                {{/if}}\r\n            </div>\r\n        {{else}}\r\n            <div id=\"instafeed\" class=\"themevale_instagram-carousel\" data-slick='{\r\n                \"arrows\": false,\r\n                \"dots\": true,\r\n                \"autoplay\": false,\r\n                \"infinite\": false,\r\n                \"slidesToShow\": 2,\r\n                \"slidesToScroll\": 2,\r\n                \"mobileFirst\": true,\r\n                \"nextArrow\": \"<svg class=&apos;slick-next slick-arrow&apos; aria-label=&apos;Next Instagram Image&apos;><use xlink:href=&apos;#icon-slick-next&apos;></use></svg>\", \r\n                \"prevArrow\": \"<svg class=&apos;slick-prev slick-arrow&apos; aria-label=&apos;Previous Instagram Image&apos;><use xlink:href=&apos;#icon-slick-prev&apos;></use></svg>\",\r\n                \"responsive\": [\r\n                    {\r\n                        \"breakpoint\": 1280,\r\n                        \"settings\": {\r\n                            \"slidesToShow\": 6,\r\n                            \"slidesToScroll\": 6,\r\n                            \"arrows\": true,\r\n                            \"dots\": false\r\n                        }\r\n                    },\r\n                    {\r\n                        \"breakpoint\": 1024,\r\n                        \"settings\": {\r\n                            \"slidesToShow\": 5,\r\n                            \"slidesToScroll\": 5,\r\n                            \"arrows\": true,\r\n                            \"dots\": false\r\n                        }\r\n                    },\r\n                    {\r\n                        \"breakpoint\": 767,\r\n                        \"settings\": {\r\n                            \"slidesToShow\": 4,\r\n                            \"slidesToScroll\":4,\r\n                            \"arrows\": false,\r\n                            \"dots\": true\r\n                        }\r\n                    },\r\n                    {\r\n                        \"breakpoint\": 550,\r\n                        \"settings\": {\r\n                            \"slidesToShow\": 3,\r\n                            \"slidesToScroll\": 3,\r\n                            \"arrows\": false,\r\n                            \"dots\": true\r\n                        }\r\n                    }\r\n                ]}'>\r\n                {{#if theme_settings.instagram_image_1 '!=' ''}}\r\n                    <a class=\"instagram-link\"\r\n                    {{#if theme_settings.instagram_type '==' 'fancybox'}} data-fancybox=\"images\"{{else}} target=\"_blank\" rel=\"noopener\"{{/if}} \r\n                    href=\"javascript:void(0);\" data-href=\"{{#if theme_settings.instagram_type '==' 'fancybox'}}/product_images/uploaded_images/{{theme_settings.instagram_image_1}}{{else}}{{theme_settings.instagram_link_1}}{{/if}}\" aria-label=\"Open Instagram Image 1 in a new tab\">\r\n                        <img class=\"lazyload\" src=\"{{cdn 'img/loading.svg'}}\" data-src=\"/product_images/uploaded_images/{{theme_settings.instagram_image_1}}\" alt=\"Instagram Image 1\" />\r\n                    </a>\r\n                {{/if}}\r\n\r\n                {{#if theme_settings.instagram_image_2 '!=' ''}}\r\n                    <a class=\"instagram-link\"\r\n                    {{#if theme_settings.instagram_type '==' 'fancybox'}} data-fancybox=\"images\" aria-label=\"Open Instagram Image 2 in a popup\"{{else}} target=\"_blank\" rel=\"noopener\" aria-label=\"Open Instagram Image 2 in a new tab\"{{/if}}\r\n                    href=\"javascript:void(0);\" data-href=\"{{#if theme_settings.instagram_type '==' 'fancybox'}}/product_images/uploaded_images/{{theme_settings.instagram_image_2}}{{else}}{{theme_settings.instagram_link_2}}{{/if}}\" aria-label=\"Open Instagram Image 2 in a new tab\">\r\n                        <img class=\"lazyload\" src=\"{{cdn 'img/loading.svg'}}\" data-src=\"/product_images/uploaded_images/{{theme_settings.instagram_image_2}}\" alt=\"Instagram Image 2\" />\r\n                    </a>\r\n                {{/if}}\r\n\r\n                {{#if theme_settings.instagram_image_3 '!=' ''}}\r\n                    <a class=\"instagram-link\"\r\n                    {{#if theme_settings.instagram_type '==' 'fancybox'}} data-fancybox=\"images\" aria-label=\"Open Instagram Image 3 in a popup\"{{else}} target=\"_blank\" rel=\"noopener\" aria-label=\"Open Instagram Image 3 in a new tab\"{{/if}}\r\n                    href=\"javascript:void(0);\" data-href=\"{{#if theme_settings.instagram_type '==' 'fancybox'}}/product_images/uploaded_images/{{theme_settings.instagram_image_3}}{{else}}{{theme_settings.instagram_link_3}}{{/if}}\">\r\n                        <img class=\"lazyload\" src=\"{{cdn 'img/loading.svg'}}\" data-src=\"/product_images/uploaded_images/{{theme_settings.instagram_image_3}}\" alt=\"Instagram Image 3\" />\r\n                    </a>\r\n                {{/if}}\r\n\r\n                {{#if theme_settings.instagram_image_4 '!=' ''}}\r\n                    <a class=\"instagram-link\"\r\n                    {{#if theme_settings.instagram_type '==' 'fancybox'}} data-fancybox=\"images\" aria-label=\"Open Instagram Image 4 in a popup\"{{else}} target=\"_blank\" rel=\"noopener\" aria-label=\"Open Instagram Image 4 in a new tab\"{{/if}}\r\n                    href=\"javascript:void(0);\" data-href=\"{{#if theme_settings.instagram_type '==' 'fancybox'}}/product_images/uploaded_images/{{theme_settings.instagram_image_4}}{{else}}{{theme_settings.instagram_link_4}}{{/if}}\">\r\n                        <img class=\"lazyload\" src=\"{{cdn 'img/loading.svg'}}\" data-src=\"/product_images/uploaded_images/{{theme_settings.instagram_image_4}}\" alt=\"Instagram Image 4\" />\r\n                    </a>\r\n                {{/if}}\r\n\r\n                {{#if theme_settings.instagram_image_5 '!=' ''}}\r\n                    <a class=\"instagram-link\"\r\n                    {{#if theme_settings.instagram_type '==' 'fancybox'}} data-fancybox=\"images\" aria-label=\"Open Instagram Image 5 in a popup\"{{else}} target=\"_blank\" rel=\"noopener\" aria-label=\"Open Instagram Image 5 in a new tab\"{{/if}}\r\n                    href=\"javascript:void(0);\" data-href=\"{{#if theme_settings.instagram_type '==' 'fancybox'}}/product_images/uploaded_images/{{theme_settings.instagram_image_5}}{{else}}{{theme_settings.instagram_link_5}}{{/if}}\">\r\n                        <img class=\"lazyload\" src=\"{{cdn 'img/loading.svg'}}\" data-src=\"/product_images/uploaded_images/{{theme_settings.instagram_image_5}}\" alt=\"Instagram Image 5\" />\r\n                    </a>\r\n                {{/if}}\r\n\r\n                {{#if theme_settings.instagram_image_6 '!=' ''}}\r\n                    <a class=\"instagram-link\"\r\n                    {{#if theme_settings.instagram_type '==' 'fancybox'}} data-fancybox=\"images\" aria-label=\"Open Instagram Image 6 in a popup\"{{else}} target=\"_blank\" rel=\"noopener\" aria-label=\"Open Instagram Image 6 in a new tab\"{{/if}}\r\n                    href=\"javascript:void(0);\" data-href=\"{{#if theme_settings.instagram_type '==' 'fancybox'}}/product_images/uploaded_images/{{theme_settings.instagram_image_6}}{{else}}{{theme_settings.instagram_link_6}}{{/if}}\">\r\n                        <img class=\"lazyload\" src=\"{{cdn 'img/loading.svg'}}\" data-src=\"/product_images/uploaded_images/{{theme_settings.instagram_image_6}}\" alt=\"Instagram Image 6\" />\r\n                    </a>\r\n                {{/if}}\r\n\r\n                {{#if theme_settings.instagram_image_7 '!=' ''}}\r\n                    <a class=\"instagram-link\"\r\n                    {{#if theme_settings.instagram_type '==' 'fancybox'}} data-fancybox=\"images\" aria-label=\"Open Instagram Image 7 in a popup\"{{else}} target=\"_blank\" rel=\"noopener\" aria-label=\"Open Instagram Image 7 in a new tab\"{{/if}}\r\n                    href=\"javascript:void(0);\" data-href=\"{{#if theme_settings.instagram_type '==' 'fancybox'}}/product_images/uploaded_images/{{theme_settings.instagram_image_7}}{{else}}{{theme_settings.instagram_link_7}}{{/if}}\">\r\n                        <img class=\"lazyload\" src=\"{{cdn 'img/loading.svg'}}\" data-src=\"/product_images/uploaded_images/{{theme_settings.instagram_image_7}}\" alt=\"Instagram Image 7\" />\r\n                    </a>\r\n                {{/if}}\r\n\r\n                {{#if theme_settings.instagram_image_8 '!=' ''}}\r\n                    <a class=\"instagram-link\"\r\n                    {{#if theme_settings.instagram_type '==' 'fancybox'}} data-fancybox=\"images\" aria-label=\"Open Instagram Image 8 in a popup\"{{else}} target=\"_blank\" rel=\"noopener\" aria-label=\"Open Instagram Image 8 in a new tab\"{{/if}}\r\n                    href=\"javascript:void(0);\" data-href=\"{{#if theme_settings.instagram_type '==' 'fancybox'}}/product_images/uploaded_images/{{theme_settings.instagram_image_8}}{{else}}{{theme_settings.instagram_link_8}}{{/if}}\">\r\n                        <img class=\"lazyload\" src=\"{{cdn 'img/loading.svg'}}\" data-src=\"/product_images/uploaded_images/{{theme_settings.instagram_image_8}}\" alt=\"Instagram Image 8\" />\r\n                    </a>\r\n                {{/if}}\r\n\r\n                {{#if theme_settings.instagram_image_9 '!=' ''}}\r\n                    <a class=\"instagram-link\"\r\n                    {{#if theme_settings.instagram_type '==' 'fancybox'}} data-fancybox=\"images\" aria-label=\"Open Instagram Image 9 in a popup\"{{else}} target=\"_blank\" rel=\"noopener\" aria-label=\"Open Instagram Image 9 in a new tab\"{{/if}}\r\n                    href=\"javascript:void(0);\" data-href=\"{{#if theme_settings.instagram_type '==' 'fancybox'}}/product_images/uploaded_images/{{theme_settings.instagram_image_9}}{{else}}{{theme_settings.instagram_link_9}}{{/if}}\">\r\n                        <img class=\"lazyload\" src=\"{{cdn 'img/loading.svg'}}\" data-src=\"/product_images/uploaded_images/{{theme_settings.instagram_image_9}}\" alt=\"Instagram Image 9\" />\r\n                    </a>\r\n                {{/if}}\r\n\r\n                {{#if theme_settings.instagram_image_10 '!=' ''}}\r\n                    <a class=\"instagram-link\"\r\n                    {{#if theme_settings.instagram_type '==' 'fancybox'}} data-fancybox=\"images\" aria-label=\"Open Instagram Image 10 in a popup\"{{else}} target=\"_blank\" rel=\"noopener\" aria-label=\"Open Instagram Image 10 in a new tab\"{{/if}}\r\n                    href=\"javascript:void(0);\" data-href=\"{{#if theme_settings.instagram_type '==' 'fancybox'}}/product_images/uploaded_images/{{theme_settings.instagram_image_10}}{{else}}{{theme_settings.instagram_link_10}}{{/if}}\">\r\n                        <img class=\"lazyload\" src=\"{{cdn 'img/loading.svg'}}\" data-src=\"/product_images/uploaded_images/{{theme_settings.instagram_image_10}}\" alt=\"Instagram Image 10\" />\r\n                    </a>\r\n                {{/if}}\r\n            </div>  \r\n        {{/if}}   \r\n        {{#if theme_settings.instagram_link_url '!=' ''}}\r\n            <div class=\"button-wrapper text-center padding-top-30\">\r\n                <a href=\"{{theme_settings.instagram_link_url}}\" target=\"_blank\" rel=\"noopener\" class=\"button button--big\" aria-label=\"View Instagram Gallery in a new tab\"><span>{{theme_settings.instagram_link_text}}</span></a>\r\n            </div>\r\n        {{/if}}\r\n    </div>\r\n</section>\r\n{{/if}}\r\n\r\n{{#if instagram-carousel '==' 'instagram-carousel-4'}}\r\n<section id=\"InstagramGallery3\" class=\"{{padding_top}} {{padding_bottom}} {{border-top}}\" >\r\n    <div class=\"container\">\r\n        {{#if theme_settings.instagram_title '!=' ''}}\r\n            <h2 class=\"page-heading {{title-border}}\">\r\n                <span class=\"title\">\r\n                   <svg class=\"icon\" aria-hidden=\"true\"><use xlink:href=\"#icon-instagram\"></use></svg>\r\n                    {{theme_settings.instagram_title}}\r\n                </span>\r\n            </h2>\r\n        {{/if}}\r\n        {{#if theme_settings.instagram_description '!=' ''}}\r\n            <p class=\"page-description\">{{theme_settings.instagram_description}}</p>\r\n        {{/if}}\r\n    </div>\r\n\r\n    {{#if theme_settings.instagram_layout '==' 'app'}}\r\n        <div id=\"instafeed\" class=\"themevale_instagram-carousel instagram-app\">\r\n            {{#if theme_settings.instagram_app_code '!=' ''}}\r\n                <script src='https://snapppt.com/widgets/widget_loader/{{theme_settings.instagram_app_code}}' defer class='snapppt-widget'></script>\r\n            {{/if}}\r\n        </div>\r\n    {{else}}\r\n        <div id=\"instafeed\" class=\"themevale_instagram-carousel style-2\" data-slick='{\r\n            \"arrows\": false,\r\n            \"dots\": false,\r\n            \"autoplay\": true,\r\n            \"autoplaySpeed\": 5000,\r\n            \"infinite\": true,\r\n            \"slidesToShow\": 2,\r\n            \"slidesToScroll\": 2,\r\n            \"mobileFirst\": true,\r\n            \"nextArrow\": \"<svg class=&apos;slick-next slick-arrow&apos; aria-label=&apos;Next Instagram Image&apos;><use xlink:href=&apos;#icon-slick-next&apos;></use></svg>\", \r\n            \"prevArrow\": \"<svg class=&apos;slick-prev slick-arrow&apos; aria-label=&apos;Previous Instagram Image&apos;><use xlink:href=&apos;#icon-slick-prev&apos;></use></svg>\",\r\n            \"responsive\": [\r\n                {\r\n                    \"breakpoint\": 1050,\r\n                    \"settings\": {\r\n                        \"slidesToShow\": 5,\r\n                        \"slidesToScroll\": 5,\r\n                        \"centerMode\": true,\r\n                        \"infinite\": true,\r\n                        \"centerPadding\": \"220px\"\r\n                    }\r\n                },\r\n                {\r\n                    \"breakpoint\": 767,\r\n                    \"settings\": {\r\n                        \"slidesToShow\": 4,\r\n                        \"slidesToScroll\": 4\r\n                    }\r\n                },\r\n                {\r\n                    \"breakpoint\": 550,\r\n                    \"settings\": {\r\n                        \"slidesToShow\": 3,\r\n                        \"slidesToScroll\": 3\r\n                    }\r\n                }\r\n            ]}'>\r\n            {{#if theme_settings.instagram_image_1 '!=' ''}}\r\n                <a class=\"instagram-link\"\r\n                {{#if theme_settings.instagram_type '==' 'fancybox'}} data-fancybox=\"images\"{{else}} target=\"_blank\" rel=\"noopener\"{{/if}} \r\n                href=\"javascript:void(0);\" data-href=\"{{#if theme_settings.instagram_type '==' 'fancybox'}}/product_images/uploaded_images/{{theme_settings.instagram_image_1}}{{else}}{{theme_settings.instagram_link_1}}{{/if}}\" aria-label=\"Open Instagram Image 1 in a new tab\">\r\n                    <img class=\"lazyload\" src=\"{{cdn 'img/loading.svg'}}\" data-src=\"/product_images/uploaded_images/{{theme_settings.instagram_image_1}}\" alt=\"Instagram Image 1\" />\r\n                </a>\r\n            {{/if}}\r\n\r\n            {{#if theme_settings.instagram_image_2 '!=' ''}}\r\n                <a class=\"instagram-link\"\r\n                {{#if theme_settings.instagram_type '==' 'fancybox'}} data-fancybox=\"images\" aria-label=\"Open Instagram Image 2 in a popup\"{{else}} target=\"_blank\" rel=\"noopener\" aria-label=\"Open Instagram Image 2 in a new tab\"{{/if}}\r\n                href=\"javascript:void(0);\" data-href=\"{{#if theme_settings.instagram_type '==' 'fancybox'}}/product_images/uploaded_images/{{theme_settings.instagram_image_2}}{{else}}{{theme_settings.instagram_link_2}}{{/if}}\" aria-label=\"Open Instagram Image 2 in a new tab\">\r\n                    <img class=\"lazyload\" src=\"{{cdn 'img/loading.svg'}}\" data-src=\"/product_images/uploaded_images/{{theme_settings.instagram_image_2}}\" alt=\"Instagram Image 2\" />\r\n                </a>\r\n            {{/if}}\r\n\r\n            {{#if theme_settings.instagram_image_3 '!=' ''}}\r\n                <a class=\"instagram-link\"\r\n                {{#if theme_settings.instagram_type '==' 'fancybox'}} data-fancybox=\"images\" aria-label=\"Open Instagram Image 3 in a popup\"{{else}} target=\"_blank\" rel=\"noopener\" aria-label=\"Open Instagram Image 3 in a new tab\"{{/if}}\r\n                href=\"javascript:void(0);\" data-href=\"{{#if theme_settings.instagram_type '==' 'fancybox'}}/product_images/uploaded_images/{{theme_settings.instagram_image_3}}{{else}}{{theme_settings.instagram_link_3}}{{/if}}\">\r\n                    <img class=\"lazyload\" src=\"{{cdn 'img/loading.svg'}}\" data-src=\"/product_images/uploaded_images/{{theme_settings.instagram_image_3}}\" alt=\"Instagram Image 3\" />\r\n                </a>\r\n            {{/if}}\r\n\r\n            {{#if theme_settings.instagram_image_4 '!=' ''}}\r\n                <a class=\"instagram-link\"\r\n                {{#if theme_settings.instagram_type '==' 'fancybox'}} data-fancybox=\"images\" aria-label=\"Open Instagram Image 4 in a popup\"{{else}} target=\"_blank\" rel=\"noopener\" aria-label=\"Open Instagram Image 4 in a new tab\"{{/if}}\r\n                href=\"javascript:void(0);\" data-href=\"{{#if theme_settings.instagram_type '==' 'fancybox'}}/product_images/uploaded_images/{{theme_settings.instagram_image_4}}{{else}}{{theme_settings.instagram_link_4}}{{/if}}\">\r\n                    <img class=\"lazyload\" src=\"{{cdn 'img/loading.svg'}}\" data-src=\"/product_images/uploaded_images/{{theme_settings.instagram_image_4}}\" alt=\"Instagram Image 4\" />\r\n                </a>\r\n            {{/if}}\r\n\r\n            {{#if theme_settings.instagram_image_5 '!=' ''}}\r\n                <a class=\"instagram-link\"\r\n                {{#if theme_settings.instagram_type '==' 'fancybox'}} data-fancybox=\"images\" aria-label=\"Open Instagram Image 5 in a popup\"{{else}} target=\"_blank\" rel=\"noopener\" aria-label=\"Open Instagram Image 5 in a new tab\"{{/if}}\r\n                href=\"javascript:void(0);\" data-href=\"{{#if theme_settings.instagram_type '==' 'fancybox'}}/product_images/uploaded_images/{{theme_settings.instagram_image_5}}{{else}}{{theme_settings.instagram_link_5}}{{/if}}\">\r\n                    <img class=\"lazyload\" src=\"{{cdn 'img/loading.svg'}}\" data-src=\"/product_images/uploaded_images/{{theme_settings.instagram_image_5}}\" alt=\"Instagram Image 5\" />\r\n                </a>\r\n            {{/if}}\r\n\r\n            {{#if theme_settings.instagram_image_6 '!=' ''}}\r\n                <a class=\"instagram-link\"\r\n                {{#if theme_settings.instagram_type '==' 'fancybox'}} data-fancybox=\"images\" aria-label=\"Open Instagram Image 6 in a popup\"{{else}} target=\"_blank\" rel=\"noopener\" aria-label=\"Open Instagram Image 6 in a new tab\"{{/if}}\r\n                href=\"javascript:void(0);\" data-href=\"{{#if theme_settings.instagram_type '==' 'fancybox'}}/product_images/uploaded_images/{{theme_settings.instagram_image_6}}{{else}}{{theme_settings.instagram_link_6}}{{/if}}\">\r\n                    <img class=\"lazyload\" src=\"{{cdn 'img/loading.svg'}}\" data-src=\"/product_images/uploaded_images/{{theme_settings.instagram_image_6}}\" alt=\"Instagram Image 6\" />\r\n                </a>\r\n            {{/if}}\r\n\r\n            {{#if theme_settings.instagram_image_7 '!=' ''}}\r\n                <a class=\"instagram-link\"\r\n                {{#if theme_settings.instagram_type '==' 'fancybox'}} data-fancybox=\"images\" aria-label=\"Open Instagram Image 7 in a popup\"{{else}} target=\"_blank\" rel=\"noopener\" aria-label=\"Open Instagram Image 7 in a new tab\"{{/if}}\r\n                href=\"javascript:void(0);\" data-href=\"{{#if theme_settings.instagram_type '==' 'fancybox'}}/product_images/uploaded_images/{{theme_settings.instagram_image_7}}{{else}}{{theme_settings.instagram_link_7}}{{/if}}\">\r\n                    <img class=\"lazyload\" src=\"{{cdn 'img/loading.svg'}}\" data-src=\"/product_images/uploaded_images/{{theme_settings.instagram_image_7}}\" alt=\"Instagram Image 7\" />\r\n                </a>\r\n            {{/if}}\r\n\r\n            {{#if theme_settings.instagram_image_8 '!=' ''}}\r\n                <a class=\"instagram-link\"\r\n                {{#if theme_settings.instagram_type '==' 'fancybox'}} data-fancybox=\"images\" aria-label=\"Open Instagram Image 8 in a popup\"{{else}} target=\"_blank\" rel=\"noopener\" aria-label=\"Open Instagram Image 8 in a new tab\"{{/if}}\r\n                href=\"javascript:void(0);\" data-href=\"{{#if theme_settings.instagram_type '==' 'fancybox'}}/product_images/uploaded_images/{{theme_settings.instagram_image_8}}{{else}}{{theme_settings.instagram_link_8}}{{/if}}\">\r\n                    <img class=\"lazyload\" src=\"{{cdn 'img/loading.svg'}}\" data-src=\"/product_images/uploaded_images/{{theme_settings.instagram_image_8}}\" alt=\"Instagram Image 8\" />\r\n                </a>\r\n            {{/if}}\r\n\r\n            {{#if theme_settings.instagram_image_9 '!=' ''}}\r\n                <a class=\"instagram-link\"\r\n                {{#if theme_settings.instagram_type '==' 'fancybox'}} data-fancybox=\"images\" aria-label=\"Open Instagram Image 9 in a popup\"{{else}} target=\"_blank\" rel=\"noopener\" aria-label=\"Open Instagram Image 9 in a new tab\"{{/if}}\r\n                href=\"javascript:void(0);\" data-href=\"{{#if theme_settings.instagram_type '==' 'fancybox'}}/product_images/uploaded_images/{{theme_settings.instagram_image_9}}{{else}}{{theme_settings.instagram_link_9}}{{/if}}\">\r\n                    <img class=\"lazyload\" src=\"{{cdn 'img/loading.svg'}}\" data-src=\"/product_images/uploaded_images/{{theme_settings.instagram_image_9}}\" alt=\"Instagram Image 9\" />\r\n                </a>\r\n            {{/if}}\r\n\r\n            {{#if theme_settings.instagram_image_10 '!=' ''}}\r\n                <a class=\"instagram-link\"\r\n                {{#if theme_settings.instagram_type '==' 'fancybox'}} data-fancybox=\"images\" aria-label=\"Open Instagram Image 10 in a popup\"{{else}} target=\"_blank\" rel=\"noopener\" aria-label=\"Open Instagram Image 10 in a new tab\"{{/if}}\r\n                href=\"javascript:void(0);\" data-href=\"{{#if theme_settings.instagram_type '==' 'fancybox'}}/product_images/uploaded_images/{{theme_settings.instagram_image_10}}{{else}}{{theme_settings.instagram_link_10}}{{/if}}\">\r\n                    <img class=\"lazyload\" src=\"{{cdn 'img/loading.svg'}}\" data-src=\"/product_images/uploaded_images/{{theme_settings.instagram_image_10}}\" alt=\"Instagram Image 10\" />\r\n                </a>\r\n            {{/if}}\r\n        </div>  \r\n    {{/if}}   \r\n    {{#if theme_settings.instagram_link_url '!=' ''}}\r\n        <div class=\"button-wrapper text-center padding-top-30\">\r\n            <a href=\"{{theme_settings.instagram_link_url}}\" target=\"_blank\" rel=\"noopener\" class=\"button\" aria-label=\"View Instagram Gallery in a new tab\"><span>{{theme_settings.instagram_link_text}}</span></a>\r\n        </div>\r\n    {{/if}}\r\n\r\n</section>\r\n{{/if}}\r\n\r\n{{#if instagram-carousel '==' 'instagram-carousel-5'}}\r\n<section id=\"InstagramGallery4\" class=\"themevale-section {{padding_top}} {{padding_bottom}}  background-gray\">\r\n    <div class=\"container\">\r\n        {{#if theme_settings.instagram_title '!=' ''}}\r\n            <h2 class=\"page-heading {{title-border}}\">\r\n                <span class=\"title\">\r\n                   <svg class=\"icon\" aria-hidden=\"true\"><use xlink:href=\"#icon-instagram\"></use></svg>\r\n                    {{theme_settings.instagram_title}}\r\n                </span>\r\n            </h2>\r\n        {{/if}}\r\n        {{#if theme_settings.instagram_description '!=' ''}}\r\n            <p class=\"page-description\">{{theme_settings.instagram_description}}</p>\r\n        {{/if}}\r\n        {{#if theme_settings.instagram_layout '==' 'app'}}\r\n            <div id=\"instafeed\" class=\"themevale_instagram-carousel instagram-app\">\r\n                {{#if theme_settings.instagram_app_code '!=' ''}}\r\n                    <script src='https://snapppt.com/widgets/widget_loader/{{theme_settings.instagram_app_code}}' defer class='snapppt-widget'></script>\r\n                {{/if}}\r\n            </div>\r\n        {{else}}\r\n            <div id=\"instafeed\" class=\"themevale_instagram-carousel style-3\" data-slick='{\r\n                \"arrows\": false,\r\n                \"dots\": true,\r\n                \"autoplay\": false,\r\n                \"infinite\": false,\r\n                \"slidesToShow\": 2,\r\n                \"slidesToScroll\": 2,\r\n                \"mobileFirst\": true,\r\n                \"nextArrow\": \"<svg class=&apos;slick-next slick-arrow&apos; aria-label=&apos;Next Instagram Image&apos;><use xlink:href=&apos;#icon-slick-next&apos;></use></svg>\", \r\n                \"prevArrow\": \"<svg class=&apos;slick-prev slick-arrow&apos; aria-label=&apos;Previous Instagram Image&apos;><use xlink:href=&apos;#icon-slick-prev&apos;></use></svg>\",\r\n                \"responsive\": [\r\n                    {\r\n                        \"breakpoint\": 1024,\r\n                        \"settings\": \"unslick\"\r\n                    },\r\n                    {\r\n                        \"breakpoint\": 767,\r\n                        \"settings\": {\r\n                            \"slidesToShow\": 4,\r\n                            \"slidesToScroll\": 4,\r\n                            \"arrows\": false,\r\n                            \"dots\": true\r\n                        }\r\n                    },\r\n                    {\r\n                        \"breakpoint\": 550,\r\n                        \"settings\": {\r\n                            \"slidesToShow\": 3,\r\n                            \"slidesToScroll\": 3,\r\n                            \"arrows\": false,\r\n                            \"dots\": true\r\n                        }\r\n                    }\r\n                ]}'>\r\n                {{#if theme_settings.instagram_image_1 '!=' ''}}\r\n                    <a class=\"instagram-link\"\r\n                    {{#if theme_settings.instagram_type '==' 'fancybox'}} data-fancybox=\"images\"{{else}} target=\"_blank\" rel=\"noopener\"{{/if}} \r\n                    href=\"javascript:void(0);\" data-href=\"{{#if theme_settings.instagram_type '==' 'fancybox'}}/product_images/uploaded_images/{{theme_settings.instagram_image_1}}{{else}}{{theme_settings.instagram_link_1}}{{/if}}\" aria-label=\"Open Instagram Image 1 in a new tab\">\r\n                        <img class=\"lazyload\" src=\"{{cdn 'img/loading.svg'}}\" data-src=\"/product_images/uploaded_images/{{theme_settings.instagram_image_1}}\" alt=\"Instagram Image 1\" />\r\n                    </a>\r\n                {{/if}}\r\n\r\n                {{#if theme_settings.instagram_image_2 '!=' ''}}\r\n                    <a class=\"instagram-link\"\r\n                    {{#if theme_settings.instagram_type '==' 'fancybox'}} data-fancybox=\"images\" aria-label=\"Open Instagram Image 2 in a popup\"{{else}} target=\"_blank\" rel=\"noopener\" aria-label=\"Open Instagram Image 2 in a new tab\"{{/if}}\r\n                    href=\"javascript:void(0);\" data-href=\"{{#if theme_settings.instagram_type '==' 'fancybox'}}/product_images/uploaded_images/{{theme_settings.instagram_image_2}}{{else}}{{theme_settings.instagram_link_2}}{{/if}}\" aria-label=\"Open Instagram Image 2 in a new tab\">\r\n                        <img class=\"lazyload\" src=\"{{cdn 'img/loading.svg'}}\" data-src=\"/product_images/uploaded_images/{{theme_settings.instagram_image_2}}\" alt=\"Instagram Image 2\" />\r\n                    </a>\r\n                {{/if}}\r\n\r\n                {{#if theme_settings.instagram_image_3 '!=' ''}}\r\n                    <a class=\"instagram-link\"\r\n                    {{#if theme_settings.instagram_type '==' 'fancybox'}} data-fancybox=\"images\" aria-label=\"Open Instagram Image 3 in a popup\"{{else}} target=\"_blank\" rel=\"noopener\" aria-label=\"Open Instagram Image 3 in a new tab\"{{/if}}\r\n                    href=\"javascript:void(0);\" data-href=\"{{#if theme_settings.instagram_type '==' 'fancybox'}}/product_images/uploaded_images/{{theme_settings.instagram_image_3}}{{else}}{{theme_settings.instagram_link_3}}{{/if}}\">\r\n                        <img class=\"lazyload\" src=\"{{cdn 'img/loading.svg'}}\" data-src=\"/product_images/uploaded_images/{{theme_settings.instagram_image_3}}\" alt=\"Instagram Image 3\" />\r\n                    </a>\r\n                {{/if}}\r\n\r\n                {{#if theme_settings.instagram_image_4 '!=' ''}}\r\n                    <a class=\"instagram-link\"\r\n                    {{#if theme_settings.instagram_type '==' 'fancybox'}} data-fancybox=\"images\" aria-label=\"Open Instagram Image 4 in a popup\"{{else}} target=\"_blank\" rel=\"noopener\" aria-label=\"Open Instagram Image 4 in a new tab\"{{/if}}\r\n                    href=\"javascript:void(0);\" data-href=\"{{#if theme_settings.instagram_type '==' 'fancybox'}}/product_images/uploaded_images/{{theme_settings.instagram_image_4}}{{else}}{{theme_settings.instagram_link_4}}{{/if}}\">\r\n                        <img class=\"lazyload\" src=\"{{cdn 'img/loading.svg'}}\" data-src=\"/product_images/uploaded_images/{{theme_settings.instagram_image_4}}\" alt=\"Instagram Image 4\" />\r\n                    </a>\r\n                {{/if}}\r\n\r\n                {{#if theme_settings.instagram_image_5 '!=' ''}}\r\n                    <a class=\"instagram-link\"\r\n                    {{#if theme_settings.instagram_type '==' 'fancybox'}} data-fancybox=\"images\" aria-label=\"Open Instagram Image 5 in a popup\"{{else}} target=\"_blank\" rel=\"noopener\" aria-label=\"Open Instagram Image 5 in a new tab\"{{/if}}\r\n                    href=\"javascript:void(0);\" data-href=\"{{#if theme_settings.instagram_type '==' 'fancybox'}}/product_images/uploaded_images/{{theme_settings.instagram_image_5}}{{else}}{{theme_settings.instagram_link_5}}{{/if}}\">\r\n                        <img class=\"lazyload\" src=\"{{cdn 'img/loading.svg'}}\" data-src=\"/product_images/uploaded_images/{{theme_settings.instagram_image_5}}\" alt=\"Instagram Image 5\" />\r\n                    </a>\r\n                {{/if}}\r\n\r\n                {{#if theme_settings.instagram_image_6 '!=' ''}}\r\n                    <a class=\"instagram-link\"\r\n                    {{#if theme_settings.instagram_type '==' 'fancybox'}} data-fancybox=\"images\" aria-label=\"Open Instagram Image 6 in a popup\"{{else}} target=\"_blank\" rel=\"noopener\" aria-label=\"Open Instagram Image 6 in a new tab\"{{/if}}\r\n                    href=\"javascript:void(0);\" data-href=\"{{#if theme_settings.instagram_type '==' 'fancybox'}}/product_images/uploaded_images/{{theme_settings.instagram_image_6}}{{else}}{{theme_settings.instagram_link_6}}{{/if}}\">\r\n                        <img class=\"lazyload\" src=\"{{cdn 'img/loading.svg'}}\" data-src=\"/product_images/uploaded_images/{{theme_settings.instagram_image_6}}\" alt=\"Instagram Image 6\" />\r\n                    </a>\r\n                {{/if}}\r\n\r\n                {{#if theme_settings.instagram_image_7 '!=' ''}}\r\n                    <a class=\"instagram-link\"\r\n                    {{#if theme_settings.instagram_type '==' 'fancybox'}} data-fancybox=\"images\" aria-label=\"Open Instagram Image 7 in a popup\"{{else}} target=\"_blank\" rel=\"noopener\" aria-label=\"Open Instagram Image 7 in a new tab\"{{/if}}\r\n                    href=\"javascript:void(0);\" data-href=\"{{#if theme_settings.instagram_type '==' 'fancybox'}}/product_images/uploaded_images/{{theme_settings.instagram_image_7}}{{else}}{{theme_settings.instagram_link_7}}{{/if}}\">\r\n                        <img class=\"lazyload\" src=\"{{cdn 'img/loading.svg'}}\" data-src=\"/product_images/uploaded_images/{{theme_settings.instagram_image_7}}\" alt=\"Instagram Image 7\" />\r\n                    </a>\r\n                {{/if}}\r\n\r\n                {{#if theme_settings.instagram_image_8 '!=' ''}}\r\n                    <a class=\"instagram-link\"\r\n                    {{#if theme_settings.instagram_type '==' 'fancybox'}} data-fancybox=\"images\" aria-label=\"Open Instagram Image 8 in a popup\"{{else}} target=\"_blank\" rel=\"noopener\" aria-label=\"Open Instagram Image 8 in a new tab\"{{/if}}\r\n                    href=\"javascript:void(0);\" data-href=\"{{#if theme_settings.instagram_type '==' 'fancybox'}}/product_images/uploaded_images/{{theme_settings.instagram_image_8}}{{else}}{{theme_settings.instagram_link_8}}{{/if}}\">\r\n                        <img class=\"lazyload\" src=\"{{cdn 'img/loading.svg'}}\" data-src=\"/product_images/uploaded_images/{{theme_settings.instagram_image_8}}\" alt=\"Instagram Image 8\" />\r\n                    </a>\r\n                {{/if}}\r\n\r\n                {{#if theme_settings.instagram_image_9 '!=' ''}}\r\n                    <a class=\"instagram-link\"\r\n                    {{#if theme_settings.instagram_type '==' 'fancybox'}} data-fancybox=\"images\" aria-label=\"Open Instagram Image 9 in a popup\"{{else}} target=\"_blank\" rel=\"noopener\" aria-label=\"Open Instagram Image 9 in a new tab\"{{/if}}\r\n                    href=\"javascript:void(0);\" data-href=\"{{#if theme_settings.instagram_type '==' 'fancybox'}}/product_images/uploaded_images/{{theme_settings.instagram_image_9}}{{else}}{{theme_settings.instagram_link_9}}{{/if}}\">\r\n                        <img class=\"lazyload\" src=\"{{cdn 'img/loading.svg'}}\" data-src=\"/product_images/uploaded_images/{{theme_settings.instagram_image_9}}\" alt=\"Instagram Image 9\" />\r\n                    </a>\r\n                {{/if}}\r\n\r\n                {{#if theme_settings.instagram_image_10 '!=' ''}}\r\n                    <a class=\"instagram-link\"\r\n                    {{#if theme_settings.instagram_type '==' 'fancybox'}} data-fancybox=\"images\" aria-label=\"Open Instagram Image 10 in a popup\"{{else}} target=\"_blank\" rel=\"noopener\" aria-label=\"Open Instagram Image 10 in a new tab\"{{/if}}\r\n                    href=\"javascript:void(0);\" data-href=\"{{#if theme_settings.instagram_type '==' 'fancybox'}}/product_images/uploaded_images/{{theme_settings.instagram_image_10}}{{else}}{{theme_settings.instagram_link_10}}{{/if}}\">\r\n                        <img class=\"lazyload\" src=\"{{cdn 'img/loading.svg'}}\" data-src=\"/product_images/uploaded_images/{{theme_settings.instagram_image_10}}\" alt=\"Instagram Image 10\" />\r\n                    </a>\r\n                {{/if}}\r\n            </div>  \r\n        {{/if}}   \r\n        {{#if theme_settings.instagram_link_url '!=' ''}}\r\n            <div class=\"button-wrapper text-center padding-top-30\">\r\n                <a href=\"{{theme_settings.instagram_link_url}}\" target=\"_blank\" rel=\"noopener\" class=\"button button--border\" aria-label=\"View Instagram Gallery in a new tab\"><span>{{theme_settings.instagram_link_text}}</span></a>\r\n            </div>\r\n        {{/if}}\r\n    </div>\r\n</section>\r\n{{/if}}\r\n\r\n{{#if instagram-carousel '==' 'instagram-carousel-6'}}\r\n<section id=\"InstagramGallery\" class=\"themevale-section {{padding_top}} {{padding_bottom}} {{border-top}}\">\r\n    <div class=\"container\">\r\n        {{#if theme_settings.instagram_title '!=' ''}}\r\n            <h2 class=\"page-heading {{title-border}}\">\r\n                <span class=\"title\">\r\n                   <svg class=\"icon\" aria-hidden=\"true\"><use xlink:href=\"#icon-instagram\"></use></svg>\r\n                    {{theme_settings.instagram_title}}\r\n                </span>\r\n            </h2>\r\n        {{/if}}\r\n        {{#if theme_settings.instagram_description '!=' ''}}\r\n            <p class=\"page-description\">{{theme_settings.instagram_description}}</p>\r\n        {{/if}}\r\n        {{#if theme_settings.instagram_layout '==' 'app'}}\r\n            <div id=\"instafeed\" class=\"themevale_instagram-carousel instagram-app\">\r\n                {{#if theme_settings.instagram_app_code '!=' ''}}\r\n                    <script src='https://snapppt.com/widgets/widget_loader/{{theme_settings.instagram_app_code}}' defer class='snapppt-widget'></script>\r\n                {{/if}}\r\n            </div>\r\n        {{else}}\r\n            <div id=\"instafeed\" class=\"themevale_instagram-carousel\" data-slick='{\r\n                \"arrows\": false,\r\n                \"dots\": true,\r\n                \"autoplay\": false,\r\n                \"infinite\": false,\r\n                \"slidesToShow\": 2,\r\n                \"slidesToScroll\": 2,\r\n                \"mobileFirst\": true,\r\n                \"nextArrow\": \"<svg class=&apos;slick-next slick-arrow&apos; aria-label=&apos;Next Instagram Image&apos;><use xlink:href=&apos;#icon-slick-next&apos;></use></svg>\", \r\n                \"prevArrow\": \"<svg class=&apos;slick-prev slick-arrow&apos; aria-label=&apos;Previous Instagram Image&apos;><use xlink:href=&apos;#icon-slick-prev&apos;></use></svg>\",\r\n                \"responsive\": [\r\n                    {\r\n                        \"breakpoint\": 1024,\r\n                        \"settings\": {\r\n                            \"slidesToShow\": 5,\r\n                            \"slidesToScroll\": 5,\r\n                            \"arrows\": true,\r\n                            \"dots\": false\r\n                        }\r\n                    },\r\n                    {\r\n                        \"breakpoint\": 767,\r\n                        \"settings\": {\r\n                            \"slidesToShow\": 4,\r\n                            \"slidesToScroll\": 4,\r\n                            \"arrows\": false,\r\n                            \"dots\": true\r\n                        }\r\n                    },\r\n                    {\r\n                        \"breakpoint\": 550,\r\n                        \"settings\": {\r\n                            \"slidesToShow\": 3,\r\n                            \"slidesToScroll\": 3,\r\n                            \"arrows\": false,\r\n                            \"dots\": true\r\n                        }\r\n                    }\r\n                ]}'>\r\n                {{#if theme_settings.instagram_image_1 '!=' ''}}\r\n                    <a class=\"instagram-link\"\r\n                    {{#if theme_settings.instagram_type '==' 'fancybox'}} data-fancybox=\"images\"{{else}} target=\"_blank\" rel=\"noopener\"{{/if}} \r\n                    href=\"javascript:void(0);\" data-href=\"{{#if theme_settings.instagram_type '==' 'fancybox'}}/product_images/uploaded_images/{{theme_settings.instagram_image_1}}{{else}}{{theme_settings.instagram_link_1}}{{/if}}\" aria-label=\"Open Instagram Image 1 in a new tab\">\r\n                        <img class=\"lazyload\" src=\"{{cdn 'img/loading.svg'}}\" data-src=\"/product_images/uploaded_images/{{theme_settings.instagram_image_1}}\" alt=\"Instagram Image 1\" />\r\n                    </a>\r\n                {{/if}}\r\n\r\n                {{#if theme_settings.instagram_image_2 '!=' ''}}\r\n                    <a class=\"instagram-link\"\r\n                    {{#if theme_settings.instagram_type '==' 'fancybox'}} data-fancybox=\"images\" aria-label=\"Open Instagram Image 2 in a popup\"{{else}} target=\"_blank\" rel=\"noopener\" aria-label=\"Open Instagram Image 2 in a new tab\"{{/if}}\r\n                    href=\"javascript:void(0);\" data-href=\"{{#if theme_settings.instagram_type '==' 'fancybox'}}/product_images/uploaded_images/{{theme_settings.instagram_image_2}}{{else}}{{theme_settings.instagram_link_2}}{{/if}}\" aria-label=\"Open Instagram Image 2 in a new tab\">\r\n                        <img class=\"lazyload\" src=\"{{cdn 'img/loading.svg'}}\" data-src=\"/product_images/uploaded_images/{{theme_settings.instagram_image_2}}\" alt=\"Instagram Image 2\" />\r\n                    </a>\r\n                {{/if}}\r\n\r\n                {{#if theme_settings.instagram_image_3 '!=' ''}}\r\n                    <a class=\"instagram-link\"\r\n                    {{#if theme_settings.instagram_type '==' 'fancybox'}} data-fancybox=\"images\" aria-label=\"Open Instagram Image 3 in a popup\"{{else}} target=\"_blank\" rel=\"noopener\" aria-label=\"Open Instagram Image 3 in a new tab\"{{/if}}\r\n                    href=\"javascript:void(0);\" data-href=\"{{#if theme_settings.instagram_type '==' 'fancybox'}}/product_images/uploaded_images/{{theme_settings.instagram_image_3}}{{else}}{{theme_settings.instagram_link_3}}{{/if}}\">\r\n                        <img class=\"lazyload\" src=\"{{cdn 'img/loading.svg'}}\" data-src=\"/product_images/uploaded_images/{{theme_settings.instagram_image_3}}\" alt=\"Instagram Image 3\" />\r\n                    </a>\r\n                {{/if}}\r\n\r\n                {{#if theme_settings.instagram_image_4 '!=' ''}}\r\n                    <a class=\"instagram-link\"\r\n                    {{#if theme_settings.instagram_type '==' 'fancybox'}} data-fancybox=\"images\" aria-label=\"Open Instagram Image 4 in a popup\"{{else}} target=\"_blank\" rel=\"noopener\" aria-label=\"Open Instagram Image 4 in a new tab\"{{/if}}\r\n                    href=\"javascript:void(0);\" data-href=\"{{#if theme_settings.instagram_type '==' 'fancybox'}}/product_images/uploaded_images/{{theme_settings.instagram_image_4}}{{else}}{{theme_settings.instagram_link_4}}{{/if}}\">\r\n                        <img class=\"lazyload\" src=\"{{cdn 'img/loading.svg'}}\" data-src=\"/product_images/uploaded_images/{{theme_settings.instagram_image_4}}\" alt=\"Instagram Image 4\" />\r\n                    </a>\r\n                {{/if}}\r\n\r\n                {{#if theme_settings.instagram_image_5 '!=' ''}}\r\n                    <a class=\"instagram-link\"\r\n                    {{#if theme_settings.instagram_type '==' 'fancybox'}} data-fancybox=\"images\" aria-label=\"Open Instagram Image 5 in a popup\"{{else}} target=\"_blank\" rel=\"noopener\" aria-label=\"Open Instagram Image 5 in a new tab\"{{/if}}\r\n                    href=\"javascript:void(0);\" data-href=\"{{#if theme_settings.instagram_type '==' 'fancybox'}}/product_images/uploaded_images/{{theme_settings.instagram_image_5}}{{else}}{{theme_settings.instagram_link_5}}{{/if}}\">\r\n                        <img class=\"lazyload\" src=\"{{cdn 'img/loading.svg'}}\" data-src=\"/product_images/uploaded_images/{{theme_settings.instagram_image_5}}\" alt=\"Instagram Image 5\" />\r\n                    </a>\r\n                {{/if}}\r\n\r\n                {{#if theme_settings.instagram_image_6 '!=' ''}}\r\n                    <a class=\"instagram-link\"\r\n                    {{#if theme_settings.instagram_type '==' 'fancybox'}} data-fancybox=\"images\" aria-label=\"Open Instagram Image 6 in a popup\"{{else}} target=\"_blank\" rel=\"noopener\" aria-label=\"Open Instagram Image 6 in a new tab\"{{/if}}\r\n                    href=\"javascript:void(0);\" data-href=\"{{#if theme_settings.instagram_type '==' 'fancybox'}}/product_images/uploaded_images/{{theme_settings.instagram_image_6}}{{else}}{{theme_settings.instagram_link_6}}{{/if}}\">\r\n                        <img class=\"lazyload\" src=\"{{cdn 'img/loading.svg'}}\" data-src=\"/product_images/uploaded_images/{{theme_settings.instagram_image_6}}\" alt=\"Instagram Image 6\" />\r\n                    </a>\r\n                {{/if}}\r\n\r\n                {{#if theme_settings.instagram_image_7 '!=' ''}}\r\n                    <a class=\"instagram-link\"\r\n                    {{#if theme_settings.instagram_type '==' 'fancybox'}} data-fancybox=\"images\" aria-label=\"Open Instagram Image 7 in a popup\"{{else}} target=\"_blank\" rel=\"noopener\" aria-label=\"Open Instagram Image 7 in a new tab\"{{/if}}\r\n                    href=\"javascript:void(0);\" data-href=\"{{#if theme_settings.instagram_type '==' 'fancybox'}}/product_images/uploaded_images/{{theme_settings.instagram_image_7}}{{else}}{{theme_settings.instagram_link_7}}{{/if}}\">\r\n                        <img class=\"lazyload\" src=\"{{cdn 'img/loading.svg'}}\" data-src=\"/product_images/uploaded_images/{{theme_settings.instagram_image_7}}\" alt=\"Instagram Image 7\" />\r\n                    </a>\r\n                {{/if}}\r\n\r\n                {{#if theme_settings.instagram_image_8 '!=' ''}}\r\n                    <a class=\"instagram-link\"\r\n                    {{#if theme_settings.instagram_type '==' 'fancybox'}} data-fancybox=\"images\" aria-label=\"Open Instagram Image 8 in a popup\"{{else}} target=\"_blank\" rel=\"noopener\" aria-label=\"Open Instagram Image 8 in a new tab\"{{/if}}\r\n                    href=\"javascript:void(0);\" data-href=\"{{#if theme_settings.instagram_type '==' 'fancybox'}}/product_images/uploaded_images/{{theme_settings.instagram_image_8}}{{else}}{{theme_settings.instagram_link_8}}{{/if}}\">\r\n                        <img class=\"lazyload\" src=\"{{cdn 'img/loading.svg'}}\" data-src=\"/product_images/uploaded_images/{{theme_settings.instagram_image_8}}\" alt=\"Instagram Image 8\" />\r\n                    </a>\r\n                {{/if}}\r\n\r\n                {{#if theme_settings.instagram_image_9 '!=' ''}}\r\n                    <a class=\"instagram-link\"\r\n                    {{#if theme_settings.instagram_type '==' 'fancybox'}} data-fancybox=\"images\" aria-label=\"Open Instagram Image 9 in a popup\"{{else}} target=\"_blank\" rel=\"noopener\" aria-label=\"Open Instagram Image 9 in a new tab\"{{/if}}\r\n                    href=\"javascript:void(0);\" data-href=\"{{#if theme_settings.instagram_type '==' 'fancybox'}}/product_images/uploaded_images/{{theme_settings.instagram_image_9}}{{else}}{{theme_settings.instagram_link_9}}{{/if}}\">\r\n                        <img class=\"lazyload\" src=\"{{cdn 'img/loading.svg'}}\" data-src=\"/product_images/uploaded_images/{{theme_settings.instagram_image_9}}\" alt=\"Instagram Image 9\" />\r\n                    </a>\r\n                {{/if}}\r\n\r\n                {{#if theme_settings.instagram_image_10 '!=' ''}}\r\n                    <a class=\"instagram-link\"\r\n                    {{#if theme_settings.instagram_type '==' 'fancybox'}} data-fancybox=\"images\" aria-label=\"Open Instagram Image 10 in a popup\"{{else}} target=\"_blank\" rel=\"noopener\" aria-label=\"Open Instagram Image 10 in a new tab\"{{/if}}\r\n                    href=\"javascript:void(0);\" data-href=\"{{#if theme_settings.instagram_type '==' 'fancybox'}}/product_images/uploaded_images/{{theme_settings.instagram_image_10}}{{else}}{{theme_settings.instagram_link_10}}{{/if}}\">\r\n                        <img class=\"lazyload\" src=\"{{cdn 'img/loading.svg'}}\" data-src=\"/product_images/uploaded_images/{{theme_settings.instagram_image_10}}\" alt=\"Instagram Image 10\" />\r\n                    </a>\r\n                {{/if}}\r\n            </div>  \r\n        {{/if}}   \r\n        {{#if theme_settings.instagram_link_url '!=' ''}}\r\n            <div class=\"button-wrapper text-center padding-top-30\">\r\n                <a href=\"{{theme_settings.instagram_link_url}}\" target=\"_blank\" rel=\"noopener\"  class=\"button button--border button--big\" aria-label=\"View Instagram Gallery in a new tab\"><span id=\"new-window-warning\">{{theme_settings.instagram_link_text}}</span></a>\r\n            </div>\r\n        {{/if}}\r\n    </div>\r\n</section>\r\n{{/if}}\r\n"
}