{
  "components/themevale/homepage/component/services": "{{#if services '==' 'services-1'}}\r\n<div class=\"themevale-section {{padding_top}} {{padding_bottom}} {{border-top}} {{custom}}\">\r\n    <div class=\"container\">\r\n        <div class=\"themevale_service {{#if padding_col}}padding-col themevale_customColumn{{/if}}\">\r\n            <div class=\"item\">\r\n                <div class=\"service-wrapper\">\r\n                    <div class=\"icon\">\r\n                        <svg aria-hidden=\"true\"><use xlink:href=\"#icon-truck\"></use></svg>\r\n                    </div>\r\n                    <div class=\"text\">Free Shipping on all orders *</div>\r\n                </div>\r\n            </div>\r\n            <div class=\"item\">\r\n                <div class=\"service-wrapper\">\r\n                    <div class=\"icon\">\r\n                        <svg aria-hidden=\"true\"><use xlink:href=\"#gift-box\"></use></svg>\r\n                    </div>\r\n                    <div class=\"text\">Student Discount 40% OFF</div>\r\n                </div>\r\n            </div>\r\n            <div class=\"item\">\r\n                <div class=\"service-wrapper\">\r\n                    <div class=\"icon\">\r\n                        <svg aria-hidden=\"true\"><use xlink:href=\"#icon-refresh\"></use></svg>\r\n                    </div>\r\n                    <div class=\"text\">Free Returns In-Store</div>\r\n                </div>\r\n            </div>\r\n        </div>\r\n    </div>\r\n</div>\r\n{{/if}}\r\n\r\n{{#if services '==' 'services-2'}}\r\n<div class=\"themevale-section {{padding_top}} {{padding_bottom}} {{border-top}} {{custom}}\">\r\n    <div class=\"themevale_service col-4 {{#if padding_col}}padding-col themevale_customColumn{{/if}}\">\r\n        <div class=\"item\">\r\n            <div class=\"service-wrapper\">\r\n                <div class=\"icon\">\r\n                    <svg aria-hidden=\"true\"><use xlink:href=\"#icon-truck\"></use></svg>\r\n                </div>\r\n                <div class=\"text\">Free Shipping on all orders *</div>\r\n            </div>\r\n        </div>\r\n        <div class=\"item\">\r\n            <div class=\"service-wrapper\">\r\n                <div class=\"icon\">\r\n                    <svg aria-hidden=\"true\"><use xlink:href=\"#gift-box\"></use></svg>\r\n                </div>\r\n                <div class=\"text\">Student Discount 40% OFF</div>\r\n            </div>\r\n        </div>\r\n        <div class=\"item\">\r\n            <div class=\"service-wrapper\">\r\n                <div class=\"icon\">\r\n                    <svg aria-hidden=\"true\"><use xlink:href=\"#icon-refresh\"></use></svg>\r\n                </div>\r\n                <div class=\"text\">Free Returns In-Store</div>\r\n            </div>\r\n        </div>\r\n        <div class=\"item\">\r\n            <div class=\"service-wrapper\">\r\n                <div class=\"icon\">\r\n                    <svg aria-hidden=\"true\"><use xlink:href=\"#icon-shield\"></use></svg>\r\n                </div>\r\n                <div class=\"text\">Secure Shopping Guarantee</div>\r\n            </div>\r\n        </div>\r\n    </div>\r\n</div>\r\n{{/if}}\r\n\r\n{{#if services '==' 'services-3'}}\r\n<div class=\"themevale-section {{padding_top}} {{padding_bottom}} {{border-top}} {{custom}}\">\r\n    <div class=\"themevale_service {{#if padding_col}}padding-col{{/if}}\"\r\n        data-slick='{\r\n            \"dots\": false,\r\n            \"arrows\": false,\r\n            \"infinite\": true,\r\n            \"slidesToShow\": 1,\r\n            \"slidesToScroll\": 1,\r\n            \"mobileFirst\": true,\r\n            \"autoplay\": true,\r\n            \"responsive\": [\r\n                {\r\n                    \"breakpoint\": 1025,\r\n                    \"settings\": \"unslick\"\r\n                },\r\n                {\r\n                    \"breakpoint\": 552,\r\n                    \"settings\": {\r\n                        \"slidesToShow\": 2,\r\n                        \"slidesToScroll\": 1\r\n                    }\r\n                }\r\n            ]\r\n        }'>\r\n        <div class=\"item\">\r\n            <div class=\"service-wrapper\">\r\n                <div class=\"text\">Sale up to 40% off on selected items</div>\r\n            </div>\r\n        </div>\r\n        <div class=\"item\">\r\n            <div class=\"service-wrapper\">\r\n                <div class=\"text\">Free express shipping on all orders</div>\r\n            </div>\r\n        </div>\r\n        <div class=\"item\">\r\n            <div class=\"service-wrapper\">\r\n                <div class=\"text\">Student discount 40% off everything</div>\r\n            </div>\r\n        </div>\r\n    </div>\r\n</div>\r\n{{/if}}\r\n\r\n{{#if services '==' 'services-4'}}\r\n<div class=\"themevale-section {{padding_top}} {{padding_bottom}} {{border-top}}\">\r\n    <div class=\"container\">\r\n        <div class=\"themevale_service_slider {{#if padding_col}}padding-col{{/if}}\">\r\n            <div class=\"item\">\r\n                <div class=\"service-wrapper\">\r\n                    <i class=\"icon\" aria-hidden=\"true\"><svg aria-hidden=\"true\"><use xlink:href=\"#icon-truck\"></use></svg></i>\r\n                    <h3 class=\"title\">Worldwide Delivery</h3>\r\n                    <p class=\"text\">Metus tellus multricies a quam sit amet lorem diam libero de cosmopolis.</p>\r\n                </div>\r\n            </div>\r\n            <div class=\"item\">\r\n                <div class=\"service-wrapper\">\r\n                    <i class=\"icon\" aria-hidden=\"true\"><svg><use xlink:href=\"#icon-credit-card\"></use></svg></i>\r\n                    <h3 class=\"title\">Secure Shopping</h3>\r\n                    <p class=\"text\">Metus tellus multricies a quam sit amet lorem diam libero de cosmopolis.</p>\r\n                </div>\r\n            </div>\r\n            <div class=\"item\">\r\n                <div class=\"service-wrapper\">\r\n                    <i class=\"icon\" aria-hidden=\"true\"><svg ><use xlink:href=\"#icon-shield\"></use></svg></i>\r\n                    <h3 class=\"title\">Shop with Confidence</h3>\r\n                    <p class=\"text\">Metus tellus multricies a quam sit amet lorem diam libero de cosmopolis.</p>\r\n                </div>\r\n            </div>\r\n            <div class=\"item\">\r\n                <div class=\"service-wrapper\">\r\n                    <i class=\"icon\" aria-hidden=\"true\"><svg><use xlink:href=\"#icon-support\"></use></svg></i>\r\n                    <h3 class=\"title\">Help Center</h3>\r\n                    <p class=\"text\">Metus tellus multricies a quam sit amet lorem diam libero de cosmopolis.</p>\r\n                </div>\r\n            </div>\r\n        </div>\r\n    </div>\r\n</div>\r\n{{/if}}\r\n"
}