{
  "components/themevale/category/subcategories-3": "{{#if category.subcategories}}\r\n    <div class=\"themevale_subCategories\">\r\n        <h2 class=\"sidebarBlock-heading\">{{lang 'categories.sub-categories'}}</h2>\r\n        <div class=\"themevale_subCategories_carousel\" data-slick='{\r\n        \"dots\": false,\r\n        \"arrows\": true,\r\n        \"infinite\": false,\r\n        \"mobileFirst\": true,\r\n        \"slidesToShow\": 1,\r\n        \"slidesToScroll\": 1,\r\n        \"nextArrow\": \"<svg class=&apos;slick-next slick-arrow&apos; aria-label=&apos;Next Category&apos;><use xlink:href=&apos;#icon-slick-next&apos;></use></svg>\", \r\n        \"prevArrow\": \"<svg class=&apos;slick-prev slick-arrow&apos; aria-label=&apos;Previous Category&apos;><use xlink:href=&apos;#icon-slick-prev&apos;></use></svg>\",\r\n        \"responsive\": [\r\n            {\r\n                \"breakpoint\": 1281,\r\n                \"settings\": {\r\n                    \"slidesToScroll\": 5,\r\n                    \"slidesToShow\": 5\r\n                }\r\n            },\r\n            {\r\n                \"breakpoint\": 992,\r\n                \"settings\": {\r\n                    \"slidesToScroll\": 4,\r\n                    \"slidesToShow\": 4\r\n                }\r\n            },\r\n            {\r\n                \"breakpoint\": 551,\r\n                \"settings\": {\r\n                    \"slidesToScroll\": 3,\r\n                    \"slidesToShow\": 3\r\n                }\r\n            },\r\n            {\r\n                \"breakpoint\": 381,\r\n                \"settings\": {\r\n                    \"slidesToScroll\": 2,\r\n                    \"slidesToShow\": 2\r\n                }\r\n            }\r\n        ]}'>\r\n            {{#each category.subcategories}}\r\n                <div class=\"item\">\r\n                    <div class=\"sub-category\">\r\n                        <div class=\"image\"><a href=\"{{url}}\"><img src=\"{{getImage image '80x80' (cdn 'img/CategoryDefault.jpg')}}\" alt=\"{{name}}\"></a></div>\r\n                        <div class=\"content\">\r\n                            <a class=\"title\" href=\"{{url}}\">{{name}}</a>\r\n                            <div class=\"product-count\">{{product_count}} {{#if product_count '>=' 2}}items{{else}} item {{/if}} </div>\r\n                        </div>\r\n                    </div>\r\n                </div>\r\n            {{/each}}\r\n        </div>\r\n    </div>\r\n{{/if}}\r\n"
}