{
  "components/carousel": "{{#if layout '==' 'layout-1'}}\n    <section class=\"heroCarousel\"\n        data-slick='{\n            \"dots\": true,\n            \"arrows\": false,\n            \"mobileFirst\": true,\n            \"slidesToShow\": 1,\n            \"slidesToScroll\": 1,\n            \"adaptiveHeight\": true,\n            \"lazyLoad\": \"anticipated\",\n            \"autoplaySpeed\": {{carousel.swap_frequency}},\n            \"nextArrow\": \"<svg class=&apos;slick-next slick-arrow&apos; aria-label=&apos;Next Slideshow&apos;><use xlink:href=&apos;#icon-slick-next&apos;></use></svg>\", \n            \"prevArrow\": \"<svg class=&apos;slick-prev slick-arrow&apos; aria-label=&apos;Previous Slideshow&apos;><use xlink:href=&apos;#icon-slick-prev&apos;></use></svg>\",\n            \"responsive\": [\n                {\n                    \"breakpoint\": 1050,\n                    \"settings\": {\n                        \"dots\": {{dots}},\n                        \"arrows\": {{arrows}},\n                        \"autoplay\": true\n                    }\n                }\n        ]}'>\n        {{#each carousel.slides}}\n        <a class=\"link-carousel\" href=\"{{url}}\">\n            <div class=\"heroCarousel-slide {{#if ../theme_settings.homepage_stretch_carousel_images}}stretch{{/if}} {{#if @first}}heroCarousel-slide--first{{/if}} {{#if @index '==' 2}}abs_right{{/if}}\">\n                <div class=\"heroCarousel-image-wrapper\" {{#and image_height image_width}}style=\"height: {{multiply (divide image_height image_width) 100}}vw\"{{/and}}>\n                    <img class=\"heroCarousel-image\" {{#if @first}}src{{else}}src=\"{{cdn 'img/loading.svg'}}\" data-lazy{{/if}}=\"{{image}}\" alt=\"{{alt_text}}\" title=\"{{alt_text}}\"\n                    {{#if image_width}}width=\"{{image_width}}\"{{/if}} {{#if image_height}}height=\"{{image_height}}\"{{/if}} />\n                    {{#if heading}}\n                        <div class=\"heroCarousel-title-mobile\">{{{heading}}}</div>\n                    {{/if}}\n                </div>\n                {{#if heading}}\n                    {{> components/carousel-content show_background=true}}\n                {{else}}\n                    {{#if text}}\n                        {{> components/carousel-content show_background=true}}\n                    {{else}}\n                        {{#if button_text}}\n                            {{> components/carousel-content show_background=false}}\n                        {{/if}}\n                    {{/if}}\n                {{/if}}\n            </div>\n        </a>\n        {{/each}}\n    </section>\n{{/if}}\n\n{{#if layout '==' 'layout-2'}}\n    <section class=\"heroCarousel-wrapper\">\n        <div class=\"container\">\n            <div class=\"heroCarousel heroCarousel-2\"\n                data-slick='{\n                    \"dots\": true,\n                    \"arrows\": false,\n                    \"mobileFirst\": true,\n                    \"slidesToShow\": 1,\n                    \"slidesToScroll\": 1,\n                    \"adaptiveHeight\": true,\n                    \"autoplaySpeed\": {{carousel.swap_frequency}},\n                    \"lazyLoad\": \"anticipated\",\n                    \"nextArrow\": \"<svg class=&apos;slick-next slick-arrow&apos; aria-label=&apos;Next Slideshow&apos;><use xlink:href=&apos;#icon-slick-next&apos;></use></svg>\", \n                    \"prevArrow\": \"<svg class=&apos;slick-prev slick-arrow&apos; aria-label=&apos;Previous Slideshow&apos;><use xlink:href=&apos;#icon-slick-prev&apos;></use></svg>\",\n                    \"responsive\": [\n                        {\n                            \"breakpoint\": 1050,\n                            \"settings\": {\n                                \"dots\": {{dots}},\n                                \"arrows\": {{arrows}},\n                                \"autoplay\": true\n                            }\n                        }\n                ]}'>\n                {{#each carousel.slides}}\n                <a class=\"link-carousel\" href=\"{{url}}\">\n                    <div class=\"heroCarousel-slide {{#if ../theme_settings.homepage_stretch_carousel_images}}stretch{{/if}} {{#if @first}}heroCarousel-slide--first{{/if}} {{#if @index '==' 2}}abs_right{{/if}}\">\n                        <div class=\"heroCarousel-image-wrapper\">\n                            <img class=\"heroCarousel-image\" {{#if @first}}src{{else}}src=\"{{cdn 'img/loading.svg'}}\" data-lazy{{/if}}=\"{{image}}\" alt=\"{{alt_text}}\" title=\"{{alt_text}}\"\n                            {{#if image_width}}width=\"{{image_width}}\"{{/if}} {{#if image_height}}height=\"{{image_height}}\"{{/if}} />\n                            {{#if heading}}\n                                <div class=\"heroCarousel-title-mobile\">{{{heading}}}</div>\n                            {{/if}}\n                        </div>\n                        {{#if heading}}\n                            {{> components/carousel-content show_background=true}}\n                        {{else}}\n                            {{#if text}}\n                                {{> components/carousel-content show_background=true}}\n                            {{else}}\n                                {{#if button_text}}\n                                    {{> components/carousel-content show_background=false}}\n                                {{/if}}\n                            {{/if}}\n                        {{/if}}\n                    </div>\n                </a>\n                {{/each}}\n            </div>\n        </div>\n    </section>\n{{/if}}\n\n{{#if layout '==' 'layout-3'}}\n    <section class=\"heroCarousel\"\n        data-slick='{\n            \"dots\": true,\n            \"arrows\": false,\n            \"mobileFirst\": true,\n            \"slidesToShow\": 1,\n            \"slidesToScroll\": 1,\n            \"adaptiveHeight\": true,\n            \"autoplaySpeed\": {{carousel.swap_frequency}},\n            \"lazyLoad\": \"anticipated\",\n            \"nextArrow\": \"<svg class=&apos;slick-next slick-arrow&apos; aria-label=&apos;Next Slideshow&apos;><use xlink:href=&apos;#icon-slick-next&apos;></use></svg>\", \n            \"prevArrow\": \"<svg class=&apos;slick-prev slick-arrow&apos; aria-label=&apos;Previous Slideshow&apos;><use xlink:href=&apos;#icon-slick-prev&apos;></use></svg>\",\n            \"responsive\": [\n                {\n                    \"breakpoint\": 1050,\n                    \"settings\": {\n                        \"dots\": {{dots}},\n                        \"arrows\": {{arrows}},\n                        \"autoplay\": true\n                    }\n                }\n        ]}'>\n        {{#each carousel.slides}}\n        <a class=\"link-carousel\" href=\"{{url}}\">\n            <div class=\"heroCarousel-slide {{#if ../theme_settings.homepage_stretch_carousel_images}}stretch{{/if}} {{#if @first}}heroCarousel-slide--first{{/if}} {{#if @index '==' 2}}abs_right{{/if}}\">\n                <div class=\"heroCarousel-image-wrapper\">\n                    <img class=\"heroCarousel-image\" {{#if @first}}src{{else}}src=\"{{cdn 'img/loading.svg'}}\" data-lazy{{/if}}=\"{{image}}\" alt=\"{{alt_text}}\" title=\"{{alt_text}}\"\n                    {{#if image_width}}width=\"{{image_width}}\"{{/if}} {{#if image_height}}height=\"{{image_height}}\"{{/if}} />\n                    {{#if heading}}\n                        <div class=\"heroCarousel-title-mobile\">{{{heading}}}</div>\n                    {{/if}}\n                </div>\n                {{#if heading}}\n                    {{> components/carousel-content show_background=true}}\n                {{else}}\n                    {{#if text}}\n                        {{> components/carousel-content show_background=true}}\n                    {{else}}\n                        {{#if button_text}}\n                            {{> components/carousel-content show_background=false}}\n                        {{/if}}\n                    {{/if}}\n                {{/if}}\n            </div>\n        </a>\n        {{/each}}\n    </section>\n{{/if}}\n\n{{#if layout '==' 'layout-4'}}\n    <section class=\"heroCarousel heroCarousel-parallax\">\n        {{#each carousel.slides}}\n        <a class=\"link-carousel\" href=\"{{url}}\">\n            <div class=\"heroCarousel-slide {{#if ../theme_settings.homepage_stretch_carousel_images}}stretch{{/if}} {{#if @first}}heroCarousel-slide--first{{/if}}\">\n                <div class=\"heroCarousel-image-wrapper\" style=\"background-image: url('{{image}}')\">\n                    <img class=\"heroCarousel-image\" src=\"{{image}}\" alt=\"{{alt_text}}\" title=\"{{alt_text}}\"\n                    {{#if image_width}}width=\"{{image_width}}\"{{/if}} {{#if image_height}}height=\"{{image_height}}\"{{/if}} />\n                    {{#if heading}}\n                        <div class=\"heroCarousel-title-mobile\">{{{heading}}}</div>\n                    {{/if}}\n                </div>\n                {{#if heading}}\n                    {{> components/carousel-content show_background=true}}\n                {{else}}\n                    {{#if text}}\n                        {{> components/carousel-content show_background=true}}\n                    {{else}}\n                        {{#if button_text}}\n                            {{> components/carousel-content show_background=false}}\n                        {{/if}}\n                    {{/if}}\n                {{/if}}\n            </div>\n        </a>\n        {{/each}}\n    </section>\n{{/if}}\n\n{{#if layout '==' 'layout-5'}}\n    {{> components/themevale/homepage/component/services services=\"services-3\" padding_top=\"padding-top-0\" padding_bottom=\"padding-bottom-0\" padding_col=theme_settings.customer-service-padding custom=\"custom_section_services_border\"}}\n    \n    <section class=\"heroCarousel\"\n        data-slick='{\n            \"dots\": true,\n            \"arrows\": false,\n            \"mobileFirst\": true,\n            \"slidesToShow\": 1,\n            \"slidesToScroll\": 1,\n            \"adaptiveHeight\": true,\n            \"autoplaySpeed\": {{carousel.swap_frequency}},\n            \"lazyLoad\": \"anticipated\",\n            \"nextArrow\": \"<svg class=&apos;slick-next slick-arrow&apos; aria-label=&apos;Next Slideshow&apos;><use xlink:href=&apos;#icon-slick-next&apos;></use></svg>\", \n            \"prevArrow\": \"<svg class=&apos;slick-prev slick-arrow&apos; aria-label=&apos;Previous Slideshow&apos;><use xlink:href=&apos;#icon-slick-prev&apos;></use></svg>\",\n            \"responsive\": [\n                {\n                    \"breakpoint\": 1050,\n                    \"settings\": {\n                        \"dots\": {{dots}},\n                        \"arrows\": {{arrows}},\n                        \"autoplay\": true\n                    }\n                }\n        ]}'>\n        {{#each carousel.slides}}\n        <a class=\"link-carousel\" href=\"{{url}}\">\n            <div class=\"heroCarousel-slide {{#if ../theme_settings.homepage_stretch_carousel_images}}stretch{{/if}} {{#if @first}}heroCarousel-slide--first{{/if}} {{#if @index '==' 2}}abs_right{{/if}}\">\n                <div class=\"heroCarousel-image-wrapper\" {{#and image_height image_width}}style=\"height: {{multiply (divide image_height image_width) 100}}vw\"{{/and}}>\n                    <img class=\"heroCarousel-image\" {{#if @first}}src{{else}}src=\"{{cdn 'img/loading.svg'}}\" data-lazy{{/if}}=\"{{image}}\" alt=\"{{alt_text}}\" title=\"{{alt_text}}\"\n                    {{#if image_width}}width=\"{{image_width}}\"{{/if}} {{#if image_height}}height=\"{{image_height}}\"{{/if}} />\n                    {{#if heading}}\n                        <div class=\"heroCarousel-title-mobile\">{{{heading}}}</div>\n                    {{/if}}\n                </div>\n                {{#if heading}}\n                    {{> components/carousel-content show_background=true}}\n                {{else}}\n                    {{#if text}}\n                        {{> components/carousel-content show_background=true}}\n                    {{else}}\n                        {{#if button_text}}\n                            {{> components/carousel-content show_background=false}}\n                        {{/if}}\n                    {{/if}}\n                {{/if}}\n            </div>\n        </a>\n        {{/each}}\n    </section>\n{{/if}}\n\n{{#if layout '==' 'layout-6'}}\n    <section class=\"heroCarousel-wrapper themevale-parallax\">\n        <div class=\"container\">\n            <div class=\"heroCarousel heroCarousel-2\"\n                data-slick='{\n                    \"dots\": true,\n                    \"arrows\": false,\n                    \"mobileFirst\": true,\n                    \"slidesToShow\": 1,\n                    \"slidesToScroll\": 1,\n                    \"autoplaySpeed\": {{carousel.swap_frequency}},\n                    \"adaptiveHeight\": true,\n                    \"lazyLoad\": \"anticipated\",\n                    \"nextArrow\": \"<svg class=&apos;slick-next slick-arrow&apos; aria-label=&apos;Next Slideshow&apos;><use xlink:href=&apos;#icon-slick-next&apos;></use></svg>\", \n                    \"prevArrow\": \"<svg class=&apos;slick-prev slick-arrow&apos; aria-label=&apos;Previous Slideshow&apos;><use xlink:href=&apos;#icon-slick-prev&apos;></use></svg>\",\n                    \"responsive\": [\n                        {\n                            \"breakpoint\": 1050,\n                            \"settings\": {\n                                \"dots\": {{dots}},\n                                \"arrows\": {{arrows}},\n                                \"autoplay\": true\n                            }\n                        }\n                ]}'>\n                {{#each carousel.slides}}\n                    <div class=\"heroCarousel-slide {{#if ../theme_settings.homepage_stretch_carousel_images}}stretch{{/if}} {{#if @first}}heroCarousel-slide--first{{/if}} {{#if @index '==' 2}}abs_right{{/if}}\">\n                        <div class=\"heroCarousel-image-wrapper\">\n                            <a class=\"link-carousel\" href=\"{{url}}\">\n                                <img class=\"heroCarousel-image\" {{#if @first}}src{{else}}src=\"{{cdn 'img/loading.svg'}}\" data-lazy{{/if}}=\"{{image}}\" alt=\"{{alt_text}}\" title=\"{{alt_text}}\"\n                                    {{#if image_width}}width=\"{{image_width}}\"{{/if}} {{#if image_height}}height=\"{{image_height}}\"{{/if}} />\n                                {{#if heading}}\n                                    <div class=\"heroCarousel-title-mobile\">{{{heading}}}</div>\n                                {{/if}}\n                            </a>\n                            {{#if @index '==' 2}}\n                                <div class=\"lookbook-item\" style=\"top: {{../../theme_settings.slide-product1-y}}%; left: {{../../theme_settings.slide-product1-x}}%;\">\n                                    <div class=\"position-point\" data-product-id=\"{{../../theme_settings.slide-product1-id}}\">+</div>\n                                </div>\n                                <div class=\"lookbook-item\" style=\"top: {{../../theme_settings.slide-product2-y}}%; left: {{../../theme_settings.slide-product2-x}}%;\">\n                                    <div class=\"position-point\" data-product-id=\"{{../../theme_settings.slide-product2-id}}\">+</div>\n                                </div>\n                                <div class=\"lookbook-item\" style=\"top: {{../../theme_settings.slide-product3-y}}%; left: {{../../theme_settings.slide-product3-x}}%;\">\n                                    <div class=\"position-point\" data-product-id=\"{{../../theme_settings.slide-product3-id}}\">+</div>\n                                </div>\n                            {{/if}}\n                        </div>\n                        {{#if heading}}\n                            {{> components/carousel-content show_background=true}}\n                        {{else}}\n                            {{#if text}}\n                                {{> components/carousel-content show_background=true}}\n                            {{else}}\n                                {{#if button_text}}\n                                    {{> components/carousel-content show_background=false}}\n                                {{/if}}\n                            {{/if}}\n                        {{/if}}\n                    </div>\n                {{/each}}\n            </div>\n            <div class=\"lookbook-popup\"></div>\n        </div>\n    </section>\n{{/if}}\n\n{{#if layout '==' 'layout-7'}}\n    <section class=\"heroCarousel-wrapper\">\n        <div class=\"heroCarousel\"\n            data-slick='{\n                \"dots\": true,\n                \"arrows\": false,\n                \"mobileFirst\": true,\n                \"slidesToShow\": 1,\n                \"slidesToScroll\": 1,\n                \"adaptiveHeight\": true,\n                \"lazyLoad\": \"anticipated\",\n                \"autoplaySpeed\": {{carousel.swap_frequency}},\n                \"nextArrow\": \"<svg class=&apos;slick-next slick-arrow&apos; aria-label=&apos;Next Slideshow&apos;><use xlink:href=&apos;#icon-slick-next&apos;></use></svg>\", \n                \"prevArrow\": \"<svg class=&apos;slick-prev slick-arrow&apos; aria-label=&apos;Previous Slideshow&apos;><use xlink:href=&apos;#icon-slick-prev&apos;></use></svg>\",\n                \"responsive\": [\n                    {\n                        \"breakpoint\": 1050,\n                        \"settings\": {\n                            \"dots\": {{dots}},\n                            \"arrows\": {{arrows}},\n                            \"autoplay\": true\n                        }\n                    }\n            ]}'>\n            {{#each carousel.slides}}\n            <a class=\"link-carousel\" href=\"{{url}}\">\n                <div class=\"heroCarousel-slide {{#if ../theme_settings.homepage_stretch_carousel_images}}stretch{{/if}} {{#if @first}}heroCarousel-slide--first{{/if}} {{#if @index '==' 2}}abs_right{{/if}}\">\n                    <div class=\"heroCarousel-image-wrapper\">\n                        <img class=\"heroCarousel-image\" {{#if @first}}src{{else}}src=\"{{cdn 'img/loading.svg'}}\" data-lazy{{/if}}=\"{{image}}\" alt=\"{{alt_text}}\" title=\"{{alt_text}}\"\n                        {{#if image_width}}width=\"{{image_width}}\"{{/if}} {{#if image_height}}height=\"{{image_height}}\"{{/if}} />\n                        {{#if heading}}\n                            <div class=\"heroCarousel-title-mobile\">{{{heading}}}</div>\n                        {{/if}}\n                    </div>\n                    {{#if heading}}\n                        {{> components/carousel-content show_background=true}}\n                    {{else}}\n                        {{#if text}}\n                            {{> components/carousel-content show_background=true}}\n                        {{else}}\n                            {{#if button_text}}\n                                {{> components/carousel-content show_background=false}}\n                            {{/if}}\n                        {{/if}}\n                    {{/if}}\n                </div>\n            </a>\n            {{/each}}\n        </div>\n        <div class=\"custom-arrow-left\">\n            <div class=\"triangle-left\"></div>\n        </div>\n        <div class=\"custom-arrow-right\">\n            <div class=\"triangle-right\"></div>\n        </div>\n    </section>\n{{/if}}\n\n{{#if layout '==' 'layout-8'}}\n    <section class=\"heroCarousel\"\n        data-slick='{\n            \"dots\": true,\n            \"arrows\": false,\n            \"mobileFirst\": true,\n            \"slidesToShow\": 1,\n            \"slidesToScroll\": 1,\n            \"adaptiveHeight\": true,\n            \"lazyLoad\": \"anticipated\",\n            \"autoplaySpeed\": {{carousel.swap_frequency}},\n            \"nextArrow\": \"<svg class=&apos;slick-next slick-arrow&apos; aria-label=&apos;Next Slideshow&apos;><use xlink:href=&apos;#icon-slick-next&apos;></use></svg>\", \n            \"prevArrow\": \"<svg class=&apos;slick-prev slick-arrow&apos; aria-label=&apos;Previous Slideshow&apos;><use xlink:href=&apos;#icon-slick-prev&apos;></use></svg>\",\n            \"responsive\": [\n                {\n                    \"breakpoint\": 1050,\n                    \"settings\": {\n                        \"dots\": {{dots}},\n                        \"arrows\": {{arrows}},\n                        \"autoplay\": true\n                    }\n                }\n        ]}'>\n        {{#each carousel.slides}}\n        <a class=\"link-carousel\" href=\"{{url}}\">\n            <div class=\"heroCarousel-slide {{#if ../theme_settings.homepage_stretch_carousel_images}}stretch{{/if}} {{#if @first}}heroCarousel-slide--first{{/if}} {{#if @index '==' 2}}abs_right{{/if}}\">\n                <div class=\"heroCarousel-image-wrapper\">\n                    <img class=\"heroCarousel-image\" {{#if @first}}src{{else}}src=\"{{cdn 'img/loading.svg'}}\" data-lazy{{/if}}=\"{{image}}\" alt=\"{{alt_text}}\" title=\"{{alt_text}}\"\n                    {{#if image_width}}width=\"{{image_width}}\"{{/if}} {{#if image_height}}height=\"{{image_height}}\"{{/if}} />\n                    {{#if heading}}\n                        <div class=\"heroCarousel-title-mobile\">{{{heading}}}</div>\n                    {{/if}}\n                </div>\n                {{#if heading}}\n                    {{> components/carousel-content show_background=true}}\n                {{else}}\n                    {{#if text}}\n                        {{> components/carousel-content show_background=true}}\n                    {{else}}\n                        {{#if button_text}}\n                            {{> components/carousel-content show_background=false}}\n                        {{/if}}\n                    {{/if}}\n                {{/if}}\n            </div>\n        </a>\n        {{/each}}\n    </section>\n{{/if}}\n\n{{#if layout '==' 'layout-9'}}\n    <section class=\"heroCarousel\"\n        data-slick='{\n            \"dots\": true,\n            \"arrows\": false,\n            \"mobileFirst\": true,\n            \"slidesToShow\": 1,\n            \"slidesToScroll\": 1,\n            \"adaptiveHeight\": true,\n            \"lazyLoad\": \"anticipated\",\n            \"autoplaySpeed\": {{carousel.swap_frequency}},\n            \"nextArrow\": \"<svg class=&apos;slick-next slick-arrow&apos; aria-label=&apos;Next Slideshow&apos;><use xlink:href=&apos;#icon-slick-next&apos;></use></svg>\", \n            \"prevArrow\": \"<svg class=&apos;slick-prev slick-arrow&apos; aria-label=&apos;Previous Slideshow&apos;><use xlink:href=&apos;#icon-slick-prev&apos;></use></svg>\",\n            \"responsive\": [\n                {\n                    \"breakpoint\": 1050,\n                    \"settings\": {\n                        \"dots\": {{dots}},\n                        \"arrows\": {{arrows}},\n                        \"autoplay\": true\n                    }\n                }\n        ]}'>\n        {{#each carousel.slides}}\n        <a class=\"link-carousel\" href=\"{{url}}\">\n            <div class=\"heroCarousel-slide {{#if ../theme_settings.homepage_stretch_carousel_images}}stretch{{/if}} {{#if @first}}heroCarousel-slide--first{{/if}}\">\n                <div class=\"heroCarousel-image-wrapper\" {{#and image_height image_width}}style=\"height: {{multiply (divide image_height image_width) 100}}vw\"{{/and}}>\n                    <img class=\"heroCarousel-image\" {{#if @first}}src{{else}}src=\"{{cdn 'img/loading.svg'}}\" data-lazy{{/if}}=\"{{image}}\" alt=\"{{alt_text}}\" title=\"{{alt_text}}\"\n                    {{#if image_width}}width=\"{{image_width}}\"{{/if}} {{#if image_height}}height=\"{{image_height}}\"{{/if}} />\n                    {{#if heading}}\n                        <div class=\"heroCarousel-title-mobile\">{{{heading}}}</div>\n                    {{/if}}\n                </div>\n                {{#if heading}}\n                    {{> components/carousel-content show_background=true}}\n                {{else}}\n                    {{#if text}}\n                        {{> components/carousel-content show_background=true}}\n                    {{else}}\n                        {{#if button_text}}\n                            {{> components/carousel-content show_background=false}}\n                        {{/if}}\n                    {{/if}}\n                {{/if}}\n            </div>\n        </a>\n        {{/each}}\n    </section>\n{{/if}}\n\n\n{{#if layout '==' 'layout-10'}}\n    <section class=\"heroCarousel\"\n        data-slick='{\n            \"dots\": true,\n            \"arrows\": false,\n            \"mobileFirst\": true,\n            \"slidesToShow\": 1,\n            \"slidesToScroll\": 1,\n            \"adaptiveHeight\": true,\n            \"autoplaySpeed\": {{carousel.swap_frequency}},\n            \"lazyLoad\": \"anticipated\",\n            \"nextArrow\": \"<svg class=&apos;slick-next slick-arrow&apos; aria-label=&apos;Next Slideshow&apos;><use xlink:href=&apos;#icon-slick-next&apos;></use></svg>\", \n            \"prevArrow\": \"<svg class=&apos;slick-prev slick-arrow&apos; aria-label=&apos;Previous Slideshow&apos;><use xlink:href=&apos;#icon-slick-prev&apos;></use></svg>\",\n            \"responsive\": [\n                {\n                    \"breakpoint\": 1050,\n                    \"settings\": {\n                        \"dots\": {{dots}},\n                        \"arrows\": {{arrows}},\n                        \"autoplay\": true\n                    }\n                }\n        ]}'>\n        {{#each carousel.slides}}\n        <a class=\"link-carousel\" href=\"{{url}}\">\n            <div class=\"heroCarousel-slide {{#if ../theme_settings.homepage_stretch_carousel_images}}stretch{{/if}} {{#if @first}}heroCarousel-slide--first{{/if}}\">\n                <div class=\"heroCarousel-image-wrapper\">\n                    <img class=\"heroCarousel-image\" {{#if @first}}src{{else}}src=\"{{cdn 'img/loading.svg'}}\" data-lazy{{/if}}=\"{{image}}\" alt=\"{{alt_text}}\" title=\"{{alt_text}}\"\n                    {{#if image_width}}width=\"{{image_width}}\"{{/if}} {{#if image_height}}height=\"{{image_height}}\"{{/if}} />\n                    {{#if heading}}\n                        <div class=\"heroCarousel-title-mobile\">{{{heading}}}</div>\n                    {{/if}}\n                </div>\n                {{#if heading}}\n                    {{> components/carousel-content show_background=true}}\n                {{else}}\n                    {{#if text}}\n                        {{> components/carousel-content show_background=true}}\n                    {{else}}\n                        {{#if button_text}}\n                            {{> components/carousel-content show_background=false}}\n                        {{/if}}\n                    {{/if}}\n                {{/if}}\n            </div>\n        </a>\n        {{/each}}\n    </section>\n{{/if}}\n",
  "components/carousel-content": "<div class=\"heroCarousel-content{{#unless show_background}} heroCarousel-content--empty{{/unless}}\">\n    <h1 class=\"heroCarousel-title animated\">{{{heading}}}</h1>\n    <p class=\"heroCarousel-description animated\">{{{text}}}</p>\n    {{#if button_text}}\n        <span class=\"heroCarousel-action button button--primary button--large animated\">{{button_text}}</span>\n    {{/if}}\n</div>\n",
  "components/themevale/homepage/component/services": "{{#if services '==' 'services-1'}}\r\n<div class=\"themevale-section {{padding_top}} {{padding_bottom}} {{border-top}} {{custom}}\">\r\n    <div class=\"container\">\r\n        <div class=\"themevale_service {{#if padding_col}}padding-col themevale_customColumn{{/if}}\">\r\n            <div class=\"item\">\r\n                <div class=\"service-wrapper\">\r\n                    <div class=\"icon\">\r\n                        <svg aria-hidden=\"true\"><use xlink:href=\"#icon-truck\"></use></svg>\r\n                    </div>\r\n                    <div class=\"text\">Free Shipping on all orders *</div>\r\n                </div>\r\n            </div>\r\n            <div class=\"item\">\r\n                <div class=\"service-wrapper\">\r\n                    <div class=\"icon\">\r\n                        <svg aria-hidden=\"true\"><use xlink:href=\"#gift-box\"></use></svg>\r\n                    </div>\r\n                    <div class=\"text\">Student Discount 40% OFF</div>\r\n                </div>\r\n            </div>\r\n            <div class=\"item\">\r\n                <div class=\"service-wrapper\">\r\n                    <div class=\"icon\">\r\n                        <svg aria-hidden=\"true\"><use xlink:href=\"#icon-refresh\"></use></svg>\r\n                    </div>\r\n                    <div class=\"text\">Free Returns In-Store</div>\r\n                </div>\r\n            </div>\r\n        </div>\r\n    </div>\r\n</div>\r\n{{/if}}\r\n\r\n{{#if services '==' 'services-2'}}\r\n<div class=\"themevale-section {{padding_top}} {{padding_bottom}} {{border-top}} {{custom}}\">\r\n    <div class=\"themevale_service col-4 {{#if padding_col}}padding-col themevale_customColumn{{/if}}\">\r\n        <div class=\"item\">\r\n            <div class=\"service-wrapper\">\r\n                <div class=\"icon\">\r\n                    <svg aria-hidden=\"true\"><use xlink:href=\"#icon-truck\"></use></svg>\r\n                </div>\r\n                <div class=\"text\">Free Shipping on all orders *</div>\r\n            </div>\r\n        </div>\r\n        <div class=\"item\">\r\n            <div class=\"service-wrapper\">\r\n                <div class=\"icon\">\r\n                    <svg aria-hidden=\"true\"><use xlink:href=\"#gift-box\"></use></svg>\r\n                </div>\r\n                <div class=\"text\">Student Discount 40% OFF</div>\r\n            </div>\r\n        </div>\r\n        <div class=\"item\">\r\n            <div class=\"service-wrapper\">\r\n                <div class=\"icon\">\r\n                    <svg aria-hidden=\"true\"><use xlink:href=\"#icon-refresh\"></use></svg>\r\n                </div>\r\n                <div class=\"text\">Free Returns In-Store</div>\r\n            </div>\r\n        </div>\r\n        <div class=\"item\">\r\n            <div class=\"service-wrapper\">\r\n                <div class=\"icon\">\r\n                    <svg aria-hidden=\"true\"><use xlink:href=\"#icon-shield\"></use></svg>\r\n                </div>\r\n                <div class=\"text\">Secure Shopping Guarantee</div>\r\n            </div>\r\n        </div>\r\n    </div>\r\n</div>\r\n{{/if}}\r\n\r\n{{#if services '==' 'services-3'}}\r\n<div class=\"themevale-section {{padding_top}} {{padding_bottom}} {{border-top}} {{custom}}\">\r\n    <div class=\"themevale_service {{#if padding_col}}padding-col{{/if}}\"\r\n        data-slick='{\r\n            \"dots\": false,\r\n            \"arrows\": false,\r\n            \"infinite\": true,\r\n            \"slidesToShow\": 1,\r\n            \"slidesToScroll\": 1,\r\n            \"mobileFirst\": true,\r\n            \"autoplay\": true,\r\n            \"responsive\": [\r\n                {\r\n                    \"breakpoint\": 1025,\r\n                    \"settings\": \"unslick\"\r\n                },\r\n                {\r\n                    \"breakpoint\": 552,\r\n                    \"settings\": {\r\n                        \"slidesToShow\": 2,\r\n                        \"slidesToScroll\": 1\r\n                    }\r\n                }\r\n            ]\r\n        }'>\r\n        <div class=\"item\">\r\n            <div class=\"service-wrapper\">\r\n                <div class=\"text\">Sale up to 40% off on selected items</div>\r\n            </div>\r\n        </div>\r\n        <div class=\"item\">\r\n            <div class=\"service-wrapper\">\r\n                <div class=\"text\">Free express shipping on all orders</div>\r\n            </div>\r\n        </div>\r\n        <div class=\"item\">\r\n            <div class=\"service-wrapper\">\r\n                <div class=\"text\">Student discount 40% off everything</div>\r\n            </div>\r\n        </div>\r\n    </div>\r\n</div>\r\n{{/if}}\r\n\r\n{{#if services '==' 'services-4'}}\r\n<div class=\"themevale-section {{padding_top}} {{padding_bottom}} {{border-top}}\">\r\n    <div class=\"container\">\r\n        <div class=\"themevale_service_slider {{#if padding_col}}padding-col{{/if}}\">\r\n            <div class=\"item\">\r\n                <div class=\"service-wrapper\">\r\n                    <i class=\"icon\" aria-hidden=\"true\"><svg aria-hidden=\"true\"><use xlink:href=\"#icon-truck\"></use></svg></i>\r\n                    <h3 class=\"title\">Worldwide Delivery</h3>\r\n                    <p class=\"text\">Metus tellus multricies a quam sit amet lorem diam libero de cosmopolis.</p>\r\n                </div>\r\n            </div>\r\n            <div class=\"item\">\r\n                <div class=\"service-wrapper\">\r\n                    <i class=\"icon\" aria-hidden=\"true\"><svg><use xlink:href=\"#icon-credit-card\"></use></svg></i>\r\n                    <h3 class=\"title\">Secure Shopping</h3>\r\n                    <p class=\"text\">Metus tellus multricies a quam sit amet lorem diam libero de cosmopolis.</p>\r\n                </div>\r\n            </div>\r\n            <div class=\"item\">\r\n                <div class=\"service-wrapper\">\r\n                    <i class=\"icon\" aria-hidden=\"true\"><svg ><use xlink:href=\"#icon-shield\"></use></svg></i>\r\n                    <h3 class=\"title\">Shop with Confidence</h3>\r\n                    <p class=\"text\">Metus tellus multricies a quam sit amet lorem diam libero de cosmopolis.</p>\r\n                </div>\r\n            </div>\r\n            <div class=\"item\">\r\n                <div class=\"service-wrapper\">\r\n                    <i class=\"icon\" aria-hidden=\"true\"><svg><use xlink:href=\"#icon-support\"></use></svg></i>\r\n                    <h3 class=\"title\">Help Center</h3>\r\n                    <p class=\"text\">Metus tellus multricies a quam sit amet lorem diam libero de cosmopolis.</p>\r\n                </div>\r\n            </div>\r\n        </div>\r\n    </div>\r\n</div>\r\n{{/if}}\r\n"
}