{
  "components/themevale/sidebar/product-sidebar": "<nav>\r\n    <!-- All categories -->\r\n    {{> components/themevale/sidebar/side-all-categories}}\r\n    <!-- Shop by Brands -->\r\n    {{> components/themevale/sidebar/side-shop-by-brands}}\r\n    <!-- slider product -->\r\n    {{#if products.featured}}\r\n        {{> components/themevale/sidebar/featured-products products=products.featured productsnew=products.new block_id=\"sidebar-products\"}}\r\n    {{/if}}\r\n    <!-- advertisement image -->\r\n    {{> components/themevale/sidebar/advertisement-image}}\r\n    <!-- advertisement text -->\r\n    {{> components/themevale/sidebar/advertisement-content}}\r\n</nav>\r\n",
  "components/themevale/sidebar/featured-products": "<div id=\"featured-products\" class=\"sidebarBlock\">\r\n    <h5 class=\"sidebarBlock-heading\">{{lang 'products.featured'}}</h5>\r\n    <div id=\"{{block_id}}\" class=\"sidebarBlock-content productCarousel card-variant\"\r\n        data-slick='{\r\n            \"arrows\": true,\r\n            \"dots\": false,\r\n            \"autoplay\": false,\r\n            \"infinite\": false,\r\n            \"slidesToShow\": 1,\r\n            \"slidesToScroll\": 1,\r\n            \"mobileFirst\": true,\r\n            \"autoplaySpeed\": 5000,\r\n            \"adaptiveHeight\": true,\r\n            \"nextArrow\": \"<svg class=&apos;slick-next slick-arrow&apos; aria-label=&apos;Next Product&apos;><use xlink:href=&apos;#icon-slick-next&apos;></use></svg>\", \r\n            \"prevArrow\": \"<svg class=&apos;slick-prev slick-arrow&apos; aria-label=&apos;Previous Product&apos;><use xlink:href=&apos;#icon-slick-prev&apos;></use></svg>\",\r\n            \"responsive\": [\r\n                {\r\n                    \"breakpoint\": 1025,\r\n                    \"settings\": {\r\n                        \"arrows\": true,\r\n                        \"dots\": false,\r\n                        \"autoplay\": false\r\n                    }\r\n                }\r\n        ]}'>\r\n        {{#each products}}\r\n        <div class=\"productCarousel-slide\">\r\n            {{> components/products/card-sidebar productsnew=../productsnew theme_settings=../theme_settings customer=../customer show_rating=../settings.show_product_rating show_wishlist=../settings.show_wishlist}}\r\n        </div>\r\n        {{/each}}\r\n    </div>\r\n</div>\r\n",
  "components/themevale/sidebar/side-shop-by-brands": "<div class=\"sidebarBlock\" id=\"sideShopByBrands\">\r\n    <h5 class=\"sidebarBlock-heading\"><span>{{lang 'brand.label'}}</span></h5>\r\n    <ul class=\"navList\">\r\n        {{#each shop_by_brand}}\r\n            <li class=\"navList-item\">\r\n                <a class=\"navList-action\" href=\"{{url}}\">{{name}}</a>\r\n            </li>\r\n        {{/each}}\r\n        <li class=\"navList-item view_all\">\r\n            <a class=\"navList-action\" href=\"{{urls.brands}}\">{{lang 'common.view_all'}}</a>\r\n        </li>\r\n    </ul>\r\n</div>\r\n",
  "components/themevale/sidebar/side-all-categories": "<div class=\"sidebarBlock\" id=\"sideAllCategories\">\r\n    <h5 class=\"sidebarBlock-heading\">Categories</h5>\r\n    {{#if categories}}\r\n    <ul class=\"all-categories-list\">\r\n        {{#each categories}}\r\n        <li class=\"navPages-item\">\r\n            {{#if children}}\r\n                <span class=\"navPages-action-wrapper\">\r\n                    <a class=\"navPages-action has-subMenu\" href=\"{{url}}\">{{name}}</a>\r\n                    <i class=\"icon-arrow\" aria-hidden=\"true\"><svg aria-hidden=\"true\"><use xlink:href=\"#icon-chevron-down\"/></svg></i>\r\n                </span>\r\n                <ul class=\"dropdown-category-list navPages-level-2\">\r\n                    {{#each children}}\r\n                        {{> components/themevale/sidebar/sub-categories}}\r\n                    {{/each}}\r\n                </ul>\r\n            {{else}}\r\n                <span class=\"navPages-action-wrapper\">\r\n                    <a class=\"navPages-action\" href=\"{{url}}\">{{name}}</a>\r\n                <span class=\"navPages-action-wrapper\">\r\n            {{/if}}\r\n        </li>\r\n        {{/each}}\r\n    </ul>\r\n    {{/if}}\r\n</div>\r\n",
  "components/themevale/sidebar/advertisement-content": "<div class=\"sidebarBlock\" id=\"advertisement-content\">\r\n    <h5 class=\"sidebarBlock-heading\"><span>Custom CMS Block</span></h5>\r\n    <div class=\"sidebarBlock-content advertisement-content\">\r\n        <p>Custom CMS block displayed at the left sidebar on the Catalog Page. Put your own content here: text, html, images... whatever you like.</p>\r\n        <p>There are many similar sample content placeholders across the store. All editable from Theme Editor.</p>\r\n    </div>\r\n</div>\r\n",
  "components/themevale/sidebar/advertisement-image": "<div class=\"sidebarBlock\" id=\"advertisement-image-1\">\r\n\t<div class=\"advertisement-image\">\r\n\t\t<a class=\"image\" href=\"#\" aria-label=\"Sidebar Banner 1\">\r\n\t\t\t<img class=\"lazyload\" src=\"{{cdn 'img/loading.svg'}}\" data-src=\"https://cdn11.bigcommerce.com/s-3tntjfynbx/product_images/uploaded_images/banner-ads-1.jpg\" alt=\"Sidebar Banner 1\">\r\n\t\t</a>\r\n\t</div>\r\n</div>\r\n<div class=\"sidebarBlock\" id=\"advertisement-image-2\">\r\n\t<div class=\"advertisement-image\">\r\n\t\t<a class=\"image\" href=\"#\" aria-label=\"Sidebar Banner 2\">\r\n\t\t\t<img class=\"lazyload\" src=\"{{cdn 'img/loading.svg'}}\" data-src=\"https://cdn11.bigcommerce.com/s-3tntjfynbx/product_images/uploaded_images/banner-ads-2.jpg\" alt=\"Sidebar Banner 2\">\r\n\t\t</a>\r\n\t</div>\r\n</div>\r\n",
  "components/products/card-sidebar": "<article class=\"card {{#if alternate}}card--alternate{{/if}}\" data-product-id=\"{{id}}\" {{#if settings.data_tag_enabled}} data-event-type=\"{{event}}\" data-entity-id=\"{{id}}\" data-position=\"{{position}}\" data-name=\"{{name}}\" data-product-category=\"{{#each category}}{{#if @last}}{{this}}{{else}}{{this}}, {{/if}}{{/each}}\" data-product-brand=\"{{brand.name}}\" data-product-price=\"{{#if price.with_tax}}{{price.with_tax.value}}{{else}}{{price.without_tax.value}}{{/if}}\"  {{/if}}>\r\n    <figure class=\"card-figure\">\r\n        <div class=\"themevale_badges\">\r\n            {{#each productsnew}}\r\n                {{#if id '==' ../id}}\r\n                    <div class=\"new-badge themevale_badge\">\r\n                        <span class=\"text\">New</span>\r\n                    </div>\r\n                {{/if}}\r\n            {{/each}}\r\n            {{#or price.non_sale_price_with_tax price.non_sale_price_without_tax}}\r\n                <div class=\"sale-badge themevale_badge\">\r\n                    <span class=\"text\">Sale</span>\r\n                </div>\r\n            {{/or}}\r\n            {{#each custom_fields}}\r\n                {{#if name '===' 'custom label'}}\r\n                <div class=\"custom-badge themevale_badge\">\r\n                    <span class=\"text\">{{{value}}}</span>\r\n                </div>\r\n                {{/if}}\r\n            {{/each}}\r\n            {{#if out_of_stock_message}}\r\n                <div class=\"soldOut-badge themevale_badge\">\r\n                    <span class=\"text\">sold out</span>\r\n                </div>\r\n            {{/if}}\r\n        </div>\r\n        <a href=\"{{url}}\" class=\"product_img_link\" {{#if settings.data_tag_enabled}} data-event-type=\"product-click\" {{/if}}>\r\n            <div class=\"card-img-container {{#if images.length '>=' 2}}card-img-hover{{/if}}\">\r\n                <img class=\"card-image lazyload\" data-sizes=\"auto\" src=\"{{cdn 'img/loading.svg'}}\" data-src=\"{{getImage image 'productgallery_size' (cdn theme_settings.default_image_product)}}\" alt=\"{{image.alt}}\" title=\"{{image.alt}}\">\r\n                {{#if images.length '>=' 2}}\r\n                    {{#each images}}\r\n                        {{#if @index '==' 1}}\r\n                            <span class=\"product-additional\" data-product-id=\"\">\r\n                                <img class=\"replace-2x img-responsive lazyload\" src=\"{{cdn 'img/loading.svg'}}\" data-src=\"{{getImage this 'productgallery_size' (cdn theme_settings.default_image_product)}}\" alt=\"{{image.alt}}\" title=\"{{image.alt}}\">\r\n                            </span>\r\n                        {{/if}}\r\n                    {{/each}}\r\n                {{/if}}\r\n            </div>\r\n        </a>\r\n        <div class=\"card-figcaption2\">\r\n            {{#if theme_settings.themevale_AddOptionForProduct}}\r\n                <div class=\"card_optionSize card_optionSize-{{id}}\">\r\n                    <div class=\"form-field\" data-product-attribute=\"set-rectangle\"></div>\r\n                </div>\r\n            {{/if}}\r\n            {{#unless hide_product_quick_view}}\r\n                {{#if theme_settings.show_product_quick_view}}\r\n                    {{#if settings.data_tag_enabled}}\r\n                        <a href=\"javascript:void(0)\" class=\"card-button-quickview quickview{{#if theme_settings.show_product_quick_view_mb}} show-mobile{{/if}}\" data-event-type=\"product-click\" data-product-id=\"{{id}}\">{{lang 'products.quick_view'}}</a>\r\n                    {{else}}\r\n                        <a href=\"javascript:void(0)\" class=\"card-button-quickview quickview{{#if theme_settings.show_product_quick_view_mb}} show-mobile{{/if}}\" data-product-id=\"{{id}}\">{{lang 'products.quick_view'}}</a>\r\n                    {{/if}}\r\n                {{/if}}\r\n            {{/unless}}\r\n        </div>\r\n    </figure>\r\n    <div class=\"card-body\">\r\n        {{#if brand.name}}\r\n            <p class=\"card-brand\" data-test-info-type=\"brandName\">{{brand.name}}</p>\r\n        {{/if}}\r\n        <h4 class=\"card-title\">\r\n            <a href=\"{{url}}\" {{#if settings.data_tag_enabled}} data-event-type=\"product-click\" {{/if}}>{{name}}</a>\r\n        </h4>\r\n        {{#if show_rating}}\r\n            <p class=\"card-rating\" data-test-info-type=\"productRating\">\r\n                <span class=\"rating--small\">\r\n                    {{> components/products/ratings rating=rating}}\r\n                </span>\r\n            </p>\r\n        {{/if}}\r\n        <div class=\"card-price\" data-test-info-type=\"price\">\r\n            {{#or customer (if theme_settings.restrict_to_login '!==' true)}}\r\n                {{> components/products/price price=price}}\r\n            {{else}}\r\n                {{> components/common/login-for-pricing}}\r\n            {{/or}}\r\n        </div>\r\n        {{#if theme_settings.themevale_AddOptionForProduct}}\r\n            <div class=\"card_optionImage card_optionImage-{{id}}\">\r\n                <div class=\"form-field\" data-product-attribute=\"swatch\"></div>\r\n            </div>\r\n        {{/if}}\r\n        <div class=\"card-figcaption\">\r\n            {{#or customer (if theme_settings.restrict_to_login '!==' true)}}\r\n                {{#if show_cart_action}}\r\n                    {{#if has_options}}\r\n                        <a href=\"{{url}}\" data-event-type=\"product-click\" class=\"button card-figcaption-button\" data-product-id=\"{{id}}\">{{lang 'products.choose_options'}}</a>\r\n                    {{/if}}\r\n                    {{#if pre_order}}\r\n                        <a href=\"{{pre_order_add_to_cart_url}}\" data-event-type=\"product-click\" class=\"button card-figcaption-button\">{{lang 'products.pre_order'}}</a>\r\n                    {{/if}}\r\n                    {{#if add_to_cart_url }}\r\n                        <a href=\"{{add_to_cart_url}}\" class=\"button card-figcaption-button themevale_btnATC\" data-product-id=\"{{id}}\">{{lang 'products.add_to_cart'}}</a>\r\n                    {{/if}}\r\n                    {{#if out_of_stock_message }}\r\n                        <a href=\"{{url}}\" data-event-type=\"product-click\" class=\"button card-figcaption-button card_out_of_stock\" data-product-id=\"{{id}}\">{{out_of_stock_message}}</a>\r\n                    {{/if}}\r\n                {{/if}}\r\n            {{/or}}\r\n        </div>\r\n    </div>\r\n</article>\r\n",
  "components/themevale/sidebar/sub-categories": "<li class=\"navPage-subMenu-item\">\r\n    {{#if children}}\r\n        <span class=\"navPages-action-wrapper\">\r\n            <a class=\"navPage-subMenu-action navPages-action has-subMenu\" href=\"{{url}}\">\r\n                {{name}}\r\n            </a>\r\n            <i class=\"icon-arrow\" aria-hidden=\"true\"><svg aria-hidden=\"true\"><use xlink:href=\"#icon-chevron-down\"/></svg></i>\r\n        </span>\r\n        <ul class=\"dropdown-category-list navPages-level-3\">\r\n            {{#each children}}\r\n                <li class=\"navPage-subMenu-item\">\r\n                    {{#if children}}\r\n                        <span class=\"navPages-action-wrapper\">\r\n                            <a class=\"navPage-subMenu-action navPages-action has-subMenu\" href=\"{{url}}\">\r\n                                {{name}}\r\n                            </a>\r\n                            <i class=\"icon-arrow\" aria-hidden=\"true\"><svg aria-hidden=\"true\"><use xlink:href=\"#icon-chevron-down\"/></svg></i>\r\n                        </span>\r\n                        <ul class=\"dropdown-category-list navPages-level-3\">\r\n                            {{#each children}}\r\n                                <li class=\"navPage-subMenu-item\">\r\n                                    <a class=\"navPage-subMenu-action navPages-action\" href=\"{{url}}\">{{name}}</a>\r\n                                </li>\r\n                            {{/each}}\r\n                        </ul>\r\n                    {{else}}\r\n                        <a class=\"navPage-subMenu-action navPages-action\" href=\"{{url}}\">{{name}}</a>\r\n                    {{/if}}\r\n                </li>\r\n            {{/each}}\r\n        </ul>\r\n    {{else}}\r\n        <a class=\"navPage-subMenu-action navPages-action\" href=\"{{url}}\">{{name}}</a>\r\n    {{/if}}\r\n</li>\r\n",
  "components/products/price": "{{!-- There are 2 code paths for generating the PDP pricing HTML determined by the following #and condition. \nIf a 'price_range' exists then we generate all HTML in price-range.html, otherwise it is defined here. Both code\npaths generate the same HTML structure with some differences in whether that element is displayed by default (css styling).\n\nIf you are making a change here or in price-range.html, you probably want to make that change in both files. --}}\n\n{{#and price.price_range (if theme_settings.price_ranges '==' true)}}\n    {{> components/products/price-range price=price schema_org=schema_org}}\n{{else}}\n    {{#if price.with_tax}}\n        <div class=\"price-section price-section--withTax rrp-price--withTax\" {{#unless price.rrp_with_tax}}style=\"display: none;\"{{/unless}}>\n            {{theme_settings.pdp-retail-price-label}}\n            <span data-product-rrp-with-tax class=\"price price--rrp\">\n                {{price.rrp_with_tax.formatted}}\n            </span>\n        </div>\n        <div class=\"price-section price-section--withTax non-sale-price--withTax {{#unless price.non_sale_price_without_tax}}price-none{{/unless}}\" {{#unless price.non_sale_price_with_tax}}style=\"display: none;\"{{/unless}}>\n            <span data-product-non-sale-price-with-tax class=\"price price--non-sale\">\n                {{price.non_sale_price_with_tax.formatted}}\n            </span>\n        </div>\n        <div class=\"price-section price-section--withTax\" {{#if schema_org}}itemprop=\"offers\" itemscope itemtype=\"http://schema.org/Offer\"{{/if}}>\n            <span data-product-price-with-tax class=\"price price--withTax\">{{price.with_tax.formatted}}</span>\n            {{#if schema_org}}\n                <meta itemprop=\"url\" content=\"{{product.url}}\">\n                <meta itemprop=\"availability\" content=\"{{product.availability}}\">\n                <meta itemprop=\"itemCondition\" itemtype=\"http://schema.org/OfferItemCondition\" content=\"http://schema.org/{{product.condition}}Condition\">\n                <meta itemprop=\"priceCurrency\" content=\"{{currency_selector.active_currency_code}}\">\n                <meta itemprop=\"priceValidUntil\" content=\"2020-03-25\">\n                <div itemprop=\"priceSpecification\" itemscope itemtype=\"http://schema.org/PriceSpecification\">\n                    <meta itemprop=\"price\" content=\"{{price.with_tax.value}}\">\n                    <meta itemprop=\"priceCurrency\" content=\"{{currency_selector.active_currency_code}}\">\n                    <meta itemprop=\"valueAddedTaxIncluded\" content=\"true\">\n                </div>\n            {{/if}}\n            {{#if price.without_tax}}\n                <abbr title=\"{{lang 'products.including_tax'}}\">{{lang 'products.price_with_tax' tax_label=price.tax_label}}</abbr>\n            {{/if}}\n        </div>\n    {{/if}}\n    {{#if price.without_tax}}\n        <div class=\"price-section price-section--withoutTax rrp-price--withoutTax{{#if price.with_tax}} price-section--minor{{/if}}\" {{#unless price.rrp_without_tax}}style=\"display: none;\"{{/unless}}>\n            {{theme_settings.pdp-retail-price-label}}\n            <span data-product-rrp-price-without-tax class=\"price price--rrp\"> \n                {{price.rrp_without_tax.formatted}}\n            </span>\n        </div>\n        <div class=\"price-section price-section--withoutTax non-sale-price--withoutTax{{#if price.with_tax}} price-section--minor{{/if}} {{#unless price.non_sale_price_without_tax}}price-none{{/unless}}\" {{#unless price.non_sale_price_without_tax}}style=\"display: none;\"{{/unless}}>\n            <span data-product-non-sale-price-without-tax class=\"price price--non-sale\">\n                {{price.non_sale_price_without_tax.formatted}}\n            </span>\n        </div>\n        <div class=\"price-section price-section--withoutTax\" {{#if schema_org}}itemprop=\"offers\" itemscope itemtype=\"http://schema.org/Offer\"{{/if}}>\n            <span data-product-price-without-tax class=\"price price--withoutTax{{#if price.with_tax}} price-section--minor{{/if}}\">{{price.without_tax.formatted}}</span>\n            {{#if schema_org}}\n                <meta itemprop=\"url\" content=\"{{product.url}}\">\n                <meta itemprop=\"availability\" itemtype=\"http://schema.org/ItemAvailability\"\n                    content=\"http://schema.org/{{#if product.pre_order}}PreOrder{{else if product.out_of_stock}}OutOfStock{{else if product.can_purchase '===' false}}OutOfStock{{else}}InStock{{/if}}\">\n                <meta itemprop=\"itemCondition\" itemtype=\"http://schema.org/OfferItemCondition\" content=\"http://schema.org/{{product.condition}}Condition\">\n                <meta itemprop=\"priceCurrency\" content=\"{{currency_selector.active_currency_code}}\">\n                <meta itemprop=\"priceValidUntil\" content=\"2020-03-25\">\n                <div itemprop=\"priceSpecification\" itemscope itemtype=\"http://schema.org/PriceSpecification\">\n                    <meta itemprop=\"price\" content=\"{{price.without_tax.value}}\">\n                    <meta itemprop=\"priceCurrency\" content=\"{{currency_selector.active_currency_code}}\">\n                    <meta itemprop=\"valueAddedTaxIncluded\" content=\"false\">\n                </div>\n            {{/if}}\n            {{#if price.with_tax}}\n                <abbr title=\"{{lang 'products.excluding_tax'}}\">{{lang 'products.price_without_tax' tax_label=price.tax_label}}</abbr>\n            {{/if}}\n        </div>\n    {{/if}}\n    {{#if page_type '===' 'product'}}\n         <div class=\"price-section price-section--saving price\" {{#unless price.saved}}style=\"display: none;\"{{/unless}}>\n                <span class=\"price\">{{lang 'products.you_save_opening_text'}}</span>\n                <span data-product-price-saved class=\"price price--saving\">\n                    {{price.saved.formatted}}\n                </span>\n                <!-- <span class=\"price\">{{lang 'products.you_save_closing_bracket'}}</span> -->\n         </div>\n    {{/if}}\n{{/and}}\n",
  "components/common/login-for-pricing": "<p translate>Log in for pricing</p>\n",
  "components/products/ratings": "{{#for 1 5}}\n    {{#if ../this.rating '>=' $index}}\n        <span class=\"icon icon--ratingFull\">\n            <svg aria-label=\"Rating Full\">\n                <use xlink:href=\"#icon-star\"/>\n            </svg>\n        </span>\n    {{else}}\n        <span class=\"icon icon--ratingEmpty\">\n            <svg aria-label=\"Rating Empty\">\n                <use xlink:href=\"#icon-starEmpty\"/>\n            </svg>\n        </span>\n    {{/if}}\n{{/for}}\n{{{snippet 'product_rating'}}}\n",
  "components/products/price-range": "{{#and price.retail_price_range.min.with_tax price.retail_price_range.max.with_tax}}\n    <div class=\"price-section price-section--withTax rrp-price--withTax\">\n        {{theme_settings.pdp-retail-price-label}}\n        <span data-product-rrp-price-with-tax class=\"price price--rrp\">{{price.retail_price_range.min.with_tax.formatted}} - {{price.retail_price_range.max.with_tax.formatted}}</span>\n    </div>\n{{else}}\n    {{#if price.with_tax}}\n        <div class=\"price-section price-section--withTax rrp-price--withTax\" style=\"display: none;\">\n            {{theme_settings.pdp-retail-price-label}}\n            <span data-product-rrp-with-tax class=\"price price--rrp\">\n                {{price.rrp_with_tax.formatted}}\n            </span>\n        </div>\n    {{/if}}\n{{/and}}\n{{#and price.price_range.min.with_tax price.price_range.max.with_tax}}\n    {{!-- Never display the \"non-sales price\" if there is a price range to be shown, but we do want the element on the page --}}\n    <div class=\"price-section price-section--withTax non-sale-price--withTax price-none\" style=\"display: none;\">\n        <span data-product-non-sale-price-with-tax class=\"price price--non-sale\">\n            {{price.non_sale_price_with_tax.formatted}}\n        </span>\n    </div>\n    <div class=\"price-section price-section--withTax\" {{#if schema_org}}itemprop=\"offers\" itemscope itemtype=\"http://schema.org/Offer\"{{/if}}>\n        <span data-product-price-with-tax class=\"price price--withTax\">{{price.price_range.min.with_tax.formatted}} - {{price.price_range.max.with_tax.formatted}}</span>\n        {{#and price.price_range.min.without_tax price.price_range.max.without_tax}}\n            <abbr title=\"{{lang 'products.including_tax'}}\">{{lang 'products.price_with_tax' tax_label=price.price_range.min.tax_label}}</abbr>\n        {{/and}}\n        {{#if schema_org}}\n            <meta itemprop=\"availability\" content=\"{{product.availability}}\">\n            <meta itemprop=\"itemCondition\" itemtype=\"http://schema.org/OfferItemCondition\" content=\"http://schema.org/{{product.condition}}Condition\">\n            <div itemprop=\"priceSpecification\" itemscope itemtype=\"http://schema.org/PriceSpecification\">\n                <meta itemprop=\"minPrice\" content=\"{{price_range.min.with_tax.value}}\"  />\n                <meta itemprop=\"price\" content=\"{{price_range.min.with_tax.value}}\">\n                <meta itemprop=\"maxPrice\" content=\"{{price_range.max.with_tax.value}}\"  />\n                <meta itemprop=\"priceCurrency\" content=\"{{currency_selector.active_currency_code}}\">\n                <meta itemprop=\"valueAddedTaxIncluded\" content=\"true\">\n            </div>\n        {{/if}}\n    </div>\n{{/and}}\n{{#and price.retail_price_range.min.without_tax price.retail_price_range.max.without_tax}}\n    <div class=\"price-section price-section--withoutTax rrp-price--withoutTax{{#if price.with_tax}} price-section--minor{{/if}}\">\n        {{theme_settings.pdp-retail-price-label}}\n        <span data-product-rrp-price-without-tax class=\"price price--rrp\">{{price.retail_price_range.min.without_tax.formatted}} - {{price.retail_price_range.max.without_tax.formatted}}</span>\n    </div>\n{{else}}\n    {{#if price.without_tax}}\n        <div class=\"price-section price-section--withoutTax rrp-price--withoutTax{{#if price.with_tax}} price-section--minor{{/if}}\" style=\"display: none;\">\n            {{theme_settings.pdp-retail-price-label}}\n            <span data-product-rrp-price-without-tax class=\"price price--rrp\">\n                {{price.rrp_without_tax.formatted}}\n            </span>\n        </div>\n    {{/if}}\n{{/and}}\n{{#and price.price_range.min.without_tax price.price_range.max.without_tax}}\n    {{!-- Never display the \"non-sales price\" if there is a price range to be shown, but we do want the element on the page --}}\n    <div class=\"price-section price-section--withoutTax non-sale-price--withoutTax{{#if price.with_tax}} price-section--minor{{/if}} price-none\" style=\"display: none;\">\n        <span data-product-non-sale-price-without-tax class=\"price price--non-sale\">\n            {{price.non_sale_price_without_tax.formatted}}\n        </span>\n    </div>\n    <div class=\"price-section price-section--withoutTax{{#and price_range.min.with_tax price_range.max.with_tax}} price-section--minor{{/and}}\" {{#if schema_org}}itemprop=\"offers\" itemscope itemtype=\"http://schema.org/Offer\"{{/if}}>\n        <span data-product-price-without-tax class=\"price price--withoutTax\">{{price.price_range.min.without_tax.formatted}} - {{price.price_range.max.without_tax.formatted}}</span>\n        {{#and price.price_range.min.with_tax price.price_range.max.with_tax}}\n            <abbr title=\"{{lang 'products.excluding_tax'}}\">{{lang 'products.price_without_tax' tax_label=price.price_range.min.tax_label}}</abbr>\n        {{/and}}\n        {{#if schema_org}}\n            <meta itemprop=\"availability\" content=\"{{product.availability}}\">\n            <meta itemprop=\"itemCondition\" itemtype=\"http://schema.org/OfferItemCondition\" content=\"http://schema.org/{{product.condition}}Condition\">\n            <div itemprop=\"priceSpecification\" itemscope itemtype=\"http://schema.org/PriceSpecification\">\n                <meta itemprop=\"minPrice\" content=\"{{price.price_range.min.without_tax.value}}\"  />\n                <meta itemprop=\"price\" content=\"{{price.price_range.min.without_tax.value}}\">\n                <meta itemprop=\"maxPrice\" content=\"{{price.price_range.max.without_tax.value}}\"  />\n                <meta itemprop=\"priceCurrency\" content=\"{{currency_selector.active_currency_code}}\">\n                <meta itemprop=\"valueAddedTaxIncluded\" content=\"false\">\n            </div>\n        {{/if}}\n    </div>\n{{/and}}\n\n{{!-- Never display the \"saving price\" element by default if there is a price range on the page to be shown --}}\n{{#if page_type '===' 'product'}}\n     <div class=\"price-section price-section--saving price\" style=\"display: none;\">\n            <span class=\"price\">{{lang 'products.you_save_opening_text'}}</span>\n            <span data-product-price-saved class=\"price price--saving\">\n                {{price.saved.formatted}}\n            </span>\n            <span class=\"price\">{{lang 'products.you_save_closing_bracket'}}</span>\n     </div>\n{{/if}}\n"
}