{
  "components/themevale/homepage/component/ajax-products-by-category-sorting-tabs-custom": "<ul class=\"tabs style-5\" data-tab data-themevale-products-by-category-sorting-tabs role=\"tablist\">\r\n    <li class=\"tab is-active\" role=\"presentation\">\r\n        <a class=\"tab-title\" href=\"#tab-productsByCategoryTabs-new-{{id}}\" role=\"tab\" tabindex=\"0\" aria-selected=\"false\" aria-controls=\"tab-productsByCategoryTabs-new-{{id}}\">{{lang 'home.tab_products.new' }}</a>\r\n    </li>\r\n    <li class=\"tab\" role=\"presentation\">\r\n        <a class=\"tab-title\" href=\"#tab-productsByCategoryTabs-bestselling-{{id}}\" role=\"tab\" tabindex=\"0\" aria-selected=\"true\" aria-controls=\"tab-productsByCategoryTabs-bestselling-{{id}}\">{{lang 'home.tab_products.bestselling' }}</a>\r\n    </li>\r\n    <li class=\"tab\" role=\"presentation\">\r\n        <a class=\"tab-title\" href=\"#tab-productsByCategoryTabs-featured-{{id}}\" role=\"tab\" tabindex=\"0\" aria-selected=\"false\" aria-controls=\"tab-productsByCategoryTabs-featured-{{id}}\">{{lang 'home.tab_products.featured' }}</a>\r\n    </li>\r\n    <li class=\"tab\" role=\"presentation\">\r\n        <a class=\"tab-title\" href=\"#tab-productsByCategoryTabs-reviews-{{id}}\" role=\"tab\" tabindex=\"0\" aria-selected=\"false\" aria-controls=\"tab-productsByCategoryTabs-reviews-{{id}}\">{{lang 'home.tab_products.reviews' }}</a>\r\n    </li>\r\n</ul>\r\n<div class=\"tabs-contents\">\r\n    {{>  components/themevale/homepage/component/banner-marketing-by-category-sorting-tabs banner=banner}}\r\n    <span class=\"newTextAjax\">New</span>\r\n    <div role=\"tabpanel\" aria-hidden=\"true\" class=\"tab-content is-active\" id=\"tab-productsByCategoryTabs-new-{{id}}\" \r\n        data-themevale-products-by-category-sorting-tabs=\"{{concat url '?sort=newest'}}\"\r\n        data-themevale-template-products-by-category-tabs=\"themevale/homepage/component/ajax-products-by-category-sorting-tabs-result\">\r\n        {{>  components/themevale/homepage/component/product-loading}}\r\n    </div>\r\n\r\n    <div role=\"tabpanel\" aria-hidden=\"false\" class=\"tab-content\" id=\"tab-productsByCategoryTabs-bestselling-{{id}}\" \r\n        data-themevale-products-by-category-sorting-tabs=\"{{concat url '?sort=bestselling'}}\"\r\n        data-themevale-template-products-by-category-tabs=\"themevale/homepage/component/ajax-products-by-category-sorting-tabs-result\">\r\n        {{>  components/themevale/homepage/component/product-loading}}\r\n    </div>\r\n\r\n    <div role=\"tabpanel\" aria-hidden=\"true\" class=\"tab-content\" id=\"tab-productsByCategoryTabs-featured-{{id}}\" \r\n        data-themevale-products-by-category-sorting-tabs=\"{{concat url '?sort=featured'}}\"\r\n        data-themevale-template-products-by-category-tabs=\"themevale/homepage/component/ajax-products-by-category-sorting-tabs-result\">\r\n        {{>  components/themevale/homepage/component/product-loading}}\r\n    </div>\r\n\r\n    <div role=\"tabpanel\" aria-hidden=\"true\" class=\"tab-content\" id=\"tab-productsByCategoryTabs-reviews-{{id}}\" \r\n        data-themevale-products-by-category-sorting-tabs=\"{{concat url '?sort=avgcustomerreview'}}\"\r\n        data-themevale-template-products-by-category-tabs=\"themevale/homepage/component/ajax-products-by-category-sorting-tabs-result\">\r\n        {{>  components/themevale/homepage/component/product-loading}}\r\n    </div>\r\n</div>\r\n",
  "components/themevale/homepage/component/banner-marketing-by-category-sorting-tabs": "{{#if banner '===' 'banner-slide-1'}}\r\n    <div class=\"themevale_marketingBanner\"\r\n        data-slick='{\r\n            \"dots\": true,\r\n            \"arrows\": false,\r\n            \"slidesToShow\": 1,\r\n            \"slidesToScroll\": 1,\r\n            \"autoplay\": true,\r\n            \"infinite\": true,\r\n            \"autoplaySpeed\": 3000,\r\n            \"nextArrow\": \"<svg class=&apos;slick-next slick-arrow&apos; aria-label=&apos;Next Banner&apos;><use xlink:href=&apos;#icon-slick-next&apos;></use></svg>\", \r\n            \"prevArrow\": \"<svg class=&apos;slick-prev slick-arrow&apos; aria-label=&apos;Previous Banner&apos;><use xlink:href=&apos;#icon-slick-prev&apos;></use></svg>\"}'>\r\n        <div class=\"item\">\r\n            <div class=\"themevale_marketingBanner-wrapper\" {{#and image_height image_width}}style=\"height: {{multiply (divide image_height image_width) 100}}vw\"{{/and}}>\r\n                <a href=\"#\" class=\"link\"></a>\r\n                <img class=\"lazyload\" src=\"{{cdn 'img/loading.svg'}}\" data-src=\"https://cdn11.bigcommerce.com/s-3tntjfynbx/product_images/uploaded_images/banner-marketing-1.jpg\" alt=\"\" {{#if image_width}}width=\"{{image_width}}\"{{/if}} {{#if image_height}}height=\"{{image_height}}\"{{/if}}>\r\n                <div class=\"content-wrapper\">\r\n                    <h3 class=\"title\">Milancelos</h3>\r\n                    <div class=\"description\">Phasellus lorem pulvinar maecenas cosmopolis</div>\r\n                    <a href=\"#\" class=\"button button--white\">Shop Now</a>\r\n                </div>\r\n            </div>\r\n        </div>\r\n        <div class=\"item\">\r\n            <div class=\"themevale_marketingBanner-wrapper\" {{#and image_height image_width}}style=\"height: {{multiply (divide image_height image_width) 100}}vw\"{{/and}}>\r\n                <a href=\"#\" class=\"link\"></a>\r\n                <img class=\"lazyload\" src=\"{{cdn 'img/loading.svg'}}\" data-src=\"https://cdn11.bigcommerce.com/s-3tntjfynbx/product_images/uploaded_images/banner-marketing-2.jpg\" alt=\"\" {{#if image_width}}width=\"{{image_width}}\"{{/if}} {{#if image_height}}height=\"{{image_height}}\"{{/if}}>\r\n                <div class=\"content-wrapper\">\r\n                    <h3 class=\"title\">#Cosmó</h3>\r\n                    <div class=\"description\">Phasellus lorem pulvinar maecenas cosmopolis</div>\r\n                    <a href=\"#\" class=\"button button--white\">Shop Now</a>\r\n                </div>\r\n            </div>\r\n        </div>\r\n        <div class=\"item\">\r\n            <div class=\"themevale_marketingBanner-wrapper\" {{#and image_height image_width}}style=\"height: {{multiply (divide image_height image_width) 100}}vw\"{{/and}}>\r\n                <a href=\"#\" class=\"link\"></a>\r\n                <img class=\"lazyload\" src=\"{{cdn 'img/loading.svg'}}\" data-src=\"https://cdn11.bigcommerce.com/s-3tntjfynbx/product_images/uploaded_images/banner-marketing-3.jpg\" alt=\"\" {{#if image_width}}width=\"{{image_width}}\"{{/if}} {{#if image_height}}height=\"{{image_height}}\"{{/if}}>\r\n                <div class=\"content-wrapper\">\r\n                    <h3 class=\"title\">Metropolis</h3>\r\n                    <div class=\"description\">Phasellus lorem pulvinar maecenas cosmopolis</div>\r\n                    <a href=\"#\" class=\"button button--white\">Shop Now</a>\r\n                </div>\r\n            </div>\r\n        </div>\r\n    </div>\r\n{{/if}}\r\n{{#if banner '===' 'banner-slide-2'}}\r\n    <div class=\"themevale_marketingBanner\"\r\n        data-slick='{\r\n            \"dots\": true,\r\n            \"arrows\": false,\r\n            \"slidesToShow\": 1,\r\n            \"slidesToScroll\": 1,\r\n            \"autoplay\": true,\r\n            \"infinite\": true,\r\n            \"autoplaySpeed\": 3000,\r\n            \"nextArrow\": \"<svg class=&apos;slick-next slick-arrow&apos; aria-label=&apos;Next Banner&apos;><use xlink:href=&apos;#icon-slick-next&apos;></use></svg>\", \r\n            \"prevArrow\": \"<svg class=&apos;slick-prev slick-arrow&apos; aria-label=&apos;Previous Banner&apos;><use xlink:href=&apos;#icon-slick-prev&apos;></use></svg>\"}'>\r\n        <div class=\"item\">\r\n            <div class=\"themevale_marketingBanner-wrapper\" {{#and image_height image_width}}style=\"height: {{multiply (divide image_height image_width) 100}}vw\"{{/and}}>\r\n                <a href=\"#\" class=\"link\"></a>\r\n                <img class=\"lazyload\" src=\"{{cdn 'img/loading.svg'}}\" data-src=\"https://cdn11.bigcommerce.com/s-3tntjfynbx/product_images/uploaded_images/banner-marketing-2.jpg\" alt=\"\" {{#if image_width}}width=\"{{image_width}}\"{{/if}} {{#if image_height}}height=\"{{image_height}}\"{{/if}}>\r\n                <div class=\"content-wrapper\">\r\n                    <h3 class=\"title\">#Cosmó</h3>\r\n                    <div class=\"description\">Phasellus lorem pulvinar maecenas cosmopolis</div>\r\n                    <a href=\"#\" class=\"button button--white\">Shop Now</a>\r\n                </div>\r\n            </div>\r\n        </div>\r\n        <div class=\"item\">\r\n            <div class=\"themevale_marketingBanner-wrapper\" {{#and image_height image_width}}style=\"height: {{multiply (divide image_height image_width) 100}}vw\"{{/and}}>\r\n                <a href=\"#\" class=\"link\"></a>\r\n                <img class=\"lazyload\" src=\"{{cdn 'img/loading.svg'}}\" data-src=\"https://cdn11.bigcommerce.com/s-3tntjfynbx/product_images/uploaded_images/banner-marketing-3.jpg\" alt=\"\" {{#if image_width}}width=\"{{image_width}}\"{{/if}} {{#if image_height}}height=\"{{image_height}}\"{{/if}}>\r\n                <div class=\"content-wrapper\">\r\n                    <h3 class=\"title\">Metropolis</h3>\r\n                    <div class=\"description\">Phasellus lorem pulvinar maecenas cosmopolis</div>\r\n                    <a href=\"#\" class=\"button button--white\">Shop Now</a>\r\n                </div>\r\n            </div>\r\n        </div>\r\n        <div class=\"item\">\r\n            <div class=\"themevale_marketingBanner-wrapper\" {{#and image_height image_width}}style=\"height: {{multiply (divide image_height image_width) 100}}vw\"{{/and}}>\r\n                <a href=\"#\" class=\"link\"></a>\r\n                <img class=\"lazyload\" src=\"{{cdn 'img/loading.svg'}}\" data-src=\"https://cdn11.bigcommerce.com/s-3tntjfynbx/product_images/uploaded_images/banner-marketing-4.jpg\" alt=\"\" {{#if image_width}}width=\"{{image_width}}\"{{/if}} {{#if image_height}}height=\"{{image_height}}\"{{/if}}>\r\n                <div class=\"content-wrapper\">\r\n                    <h3 class=\"title\">#Dapbõe</h3>\r\n                    <div class=\"description\">Phasellus lorem pulvinar maecenas cosmopolis</div>\r\n                    <a href=\"#\" class=\"button button--white\">Shop Now</a>\r\n                </div>\r\n            </div>\r\n        </div>\r\n    </div>\r\n{{/if}}\r\n{{#if banner '===' 'banner-slide-3'}}\r\n    <div class=\"themevale_marketingBanner\"\r\n        data-slick='{\r\n            \"dots\": true,\r\n            \"arrows\": false,\r\n            \"slidesToShow\": 1,\r\n            \"slidesToScroll\": 1,\r\n            \"autoplay\": true,\r\n            \"infinite\": true,\r\n            \"autoplaySpeed\": 3000,\r\n            \"nextArrow\": \"<svg class=&apos;slick-next slick-arrow&apos; aria-label=&apos;Next Banner&apos;><use xlink:href=&apos;#icon-slick-next&apos;></use></svg>\", \r\n            \"prevArrow\": \"<svg class=&apos;slick-prev slick-arrow&apos; aria-label=&apos;Previous Banner&apos;><use xlink:href=&apos;#icon-slick-prev&apos;></use></svg>\"}'>\r\n        <div class=\"item\">\r\n            <div class=\"themevale_marketingBanner-wrapper\" {{#and image_height image_width}}style=\"height: {{multiply (divide image_height image_width) 100}}vw\"{{/and}}>\r\n                <a href=\"#\" class=\"link\"></a>\r\n                <img class=\"lazyload\" src=\"{{cdn 'img/loading.svg'}}\" data-src=\"https://cdn11.bigcommerce.com/s-3tntjfynbx/product_images/uploaded_images/banner-marketing-3.jpg\" alt=\"\" {{#if image_width}}width=\"{{image_width}}\"{{/if}} {{#if image_height}}height=\"{{image_height}}\"{{/if}}>\r\n                <div class=\"content-wrapper\">\r\n                    <h3 class=\"title\">Metropolis</h3>\r\n                    <div class=\"description\">Phasellus lorem pulvinar maecenas cosmopolis</div>\r\n                    <a href=\"#\" class=\"button button--white\">Shop Now</a>\r\n                </div>\r\n            </div>\r\n        </div>\r\n        <div class=\"item\">\r\n            <div class=\"themevale_marketingBanner-wrapper\" {{#and image_height image_width}}style=\"height: {{multiply (divide image_height image_width) 100}}vw\"{{/and}}>\r\n                <a href=\"#\" class=\"link\"></a>\r\n                <img class=\"lazyload\" src=\"{{cdn 'img/loading.svg'}}\" data-src=\"https://cdn11.bigcommerce.com/s-3tntjfynbx/product_images/uploaded_images/banner-marketing-4.jpg\" alt=\"\" {{#if image_width}}width=\"{{image_width}}\"{{/if}} {{#if image_height}}height=\"{{image_height}}\"{{/if}}>\r\n                <div class=\"content-wrapper\">\r\n                    <h3 class=\"title\">#Dapbõe</h3>\r\n                    <div class=\"description\">Phasellus lorem pulvinar maecenas cosmopolis</div>\r\n                    <a href=\"#\" class=\"button button--white\">Shop Now</a>\r\n                </div>\r\n            </div>\r\n        </div>\r\n        <div class=\"item\">\r\n            <div class=\"themevale_marketingBanner-wrapper\" {{#and image_height image_width}}style=\"height: {{multiply (divide image_height image_width) 100}}vw\"{{/and}}>\r\n                <a href=\"#\" class=\"link\"></a>\r\n                <img class=\"lazyload\" src=\"{{cdn 'img/loading.svg'}}\" data-src=\"https://cdn11.bigcommerce.com/s-3tntjfynbx/product_images/uploaded_images/banner-marketing-1.jpg\" alt=\"\" {{#if image_width}}width=\"{{image_width}}\"{{/if}} {{#if image_height}}height=\"{{image_height}}\"{{/if}}>\r\n                <div class=\"content-wrapper\">\r\n                    <h3 class=\"title\">Milancelos</h3>\r\n                    <div class=\"description\">Phasellus lorem pulvinar maecenas cosmopolis</div>\r\n                    <a href=\"#\" class=\"button button--white\">Shop Now</a>\r\n                </div>\r\n            </div>\r\n        </div>\r\n    </div>\r\n{{/if}}\r\n{{#if banner '===' 'banner-slide-4'}}\r\n    <div class=\"themevale_marketingBanner\"\r\n        data-slick='{\r\n            \"dots\": true,\r\n            \"arrows\": false,\r\n            \"slidesToShow\": 1,\r\n            \"slidesToScroll\": 1,\r\n            \"autoplay\": true,\r\n            \"infinite\": true,\r\n            \"autoplaySpeed\": 3000,\r\n            \"nextArrow\": \"<svg class=&apos;slick-next slick-arrow&apos; aria-label=&apos;Next Banner&apos;><use xlink:href=&apos;#icon-slick-next&apos;></use></svg>\", \r\n            \"prevArrow\": \"<svg class=&apos;slick-prev slick-arrow&apos; aria-label=&apos;Previous Banner&apos;><use xlink:href=&apos;#icon-slick-prev&apos;></use></svg>\"}'>\r\n        <div class=\"item\">\r\n            <div class=\"themevale_marketingBanner-wrapper\" {{#and image_height image_width}}style=\"height: {{multiply (divide image_height image_width) 100}}vw\"{{/and}}>\r\n                <a href=\"#\" class=\"link\"></a>\r\n                <img class=\"lazyload\" src=\"{{cdn 'img/loading.svg'}}\" data-src=\"https://cdn11.bigcommerce.com/s-3tntjfynbx/product_images/uploaded_images/banner-marketing-4.jpg\" alt=\"\" {{#if image_width}}width=\"{{image_width}}\"{{/if}} {{#if image_height}}height=\"{{image_height}}\"{{/if}}>\r\n                <div class=\"content-wrapper\">\r\n                    <h3 class=\"title\">#Dapbõe</h3>\r\n                    <div class=\"description\">Phasellus lorem pulvinar maecenas cosmopolis</div>\r\n                    <a href=\"#\" class=\"button button--white\">Shop Now</a>\r\n                </div>\r\n            </div>\r\n        </div>\r\n        <div class=\"item\">\r\n            <div class=\"themevale_marketingBanner-wrapper\" {{#and image_height image_width}}style=\"height: {{multiply (divide image_height image_width) 100}}vw\"{{/and}}>\r\n                <a href=\"#\" class=\"link\"></a>\r\n                <img class=\"lazyload\" src=\"{{cdn 'img/loading.svg'}}\" data-src=\"https://cdn11.bigcommerce.com/s-3tntjfynbx/product_images/uploaded_images/banner-marketing-1.jpg\" alt=\"\" {{#if image_width}}width=\"{{image_width}}\"{{/if}} {{#if image_height}}height=\"{{image_height}}\"{{/if}}>\r\n                <div class=\"content-wrapper\">\r\n                    <h3 class=\"title\">Milancelos</h3>\r\n                    <div class=\"description\">Phasellus lorem pulvinar maecenas cosmopolis</div>\r\n                    <a href=\"#\" class=\"button button--white\">Shop Now</a>\r\n                </div>\r\n            </div>\r\n        </div>\r\n        <div class=\"item\">\r\n            <div class=\"themevale_marketingBanner-wrapper\" {{#and image_height image_width}}style=\"height: {{multiply (divide image_height image_width) 100}}vw\"{{/and}}>\r\n                <a href=\"#\" class=\"link\"></a>\r\n                <img class=\"lazyload\" src=\"{{cdn 'img/loading.svg'}}\" data-src=\"https://cdn11.bigcommerce.com/s-3tntjfynbx/product_images/uploaded_images/banner-marketing-2.jpg\" alt=\"\" {{#if image_width}}width=\"{{image_width}}\"{{/if}} {{#if image_height}}height=\"{{image_height}}\"{{/if}}>\r\n                <div class=\"content-wrapper\">\r\n                    <h3 class=\"title\">#Cosmó</h3>\r\n                    <div class=\"description\">Phasellus lorem pulvinar maecenas cosmopolis</div>\r\n                    <a href=\"#\" class=\"button button--white\">Shop Now</a>\r\n                </div>\r\n            </div>\r\n        </div>\r\n    </div>\r\n{{/if}}\r\n",
  "components/themevale/homepage/component/product-loading": "<div class=\"themevale_productLoading\">\r\n    <img src=\"{{cdn 'img/loading.svg'}}\" alt=\"loading\" title=\"loading\" />\r\n</div>\r\n"
}