{
  "components/products/quick-view": "<div class=\"modal-body quickView\">\n    <div class=\"productView themevale_productView\" {{#if settings.data_tag_enabled}} data-event-type=\"product\" data-entity-id=\"{{product.id}}\" data-name=\"{{product.title}}\" data-product-category=\"{{#each product.category}}{{#if @last}}{{this}}{{else}}{{this}}, {{/if}}{{/each}}\" data-product-brand=\"{{product.brand.name}}\" data-product-price=\"{{#if product.price.with_tax}}{{product.price.with_tax.value}}{{else}}{{product.price.without_tax.value}}{{/if}}\" data-product-variant=\"single-product-option\"{{/if}}>\n        {{#each product.reviews.messages}}\n            {{#if error}}\n                {{> components/common/alert-error error}}\n            {{/if}}\n            {{#if success}}\n                {{> components/common/alert-success success}}\n            {{/if}}\n        {{/each}}\n        <div class=\"themevale_productView-left\">\n            <div class=\"themevale_productView-images zoom-image\" data-image-gallery>\n                <div class=\"themevale_badges\">\n                    {{#each products.new}}\n                        {{#if this.id '==' ../product.id}}\n                            <div class=\"new-badge themevale_badge\">\n                                <span class=\"text\">New</span></div>\n                        {{/if}}\n                    {{/each}}\n                    {{#or product.price.non_sale_price_with_tax product.price.non_sale_price_without_tax}}\n                        <div class=\"sale-badge themevale_badge\">\n                            <span class=\"text\">Sale</span>\n                        </div>\n                    {{/or}}\n                    {{#each product.custom_fields}}\n                        {{#if name '===' 'custom label'}}\n                        <div class=\"custom-badge themevale_badge\">\n                            <span class=\"text\">{{{value}}}</span>\n                        </div>\n                        {{/if}}\n                    {{/each}}\n                    {{#if product.out_of_stock_message}}\n                        <div class=\"soldOut-badge themevale_badge\">\n                            <span class=\"text\">sold out</span>\n                        </div>\n                    {{/if}}\n                </div>\n                <div class=\"productView-nav-wrapper\">\n                    <div class=\"productView-nav\" data-slick='{\n                        \"fade\": true,\n                        \"arrows\": false,\n                        \"dots\": false,\n                        \"infinite\": true,\n                        \"slidesToShow\": 1,\n                        \"slidesToScroll\": 1,\n                        \"asNavFor\": \".quickView .themevale_productView-images .productView-for\"\n                    }'>\n                        {{#each product.images}}\n                            <figure class=\"productView-image\" href=\"{{getImage this 'zoom_size' (cdn ../theme_settings.default_image_product)}}\" \n                                data-image-gallery-main\n                                data-zoom-image=\"{{getImage this 'zoom_size' (cdn theme_settings.default_image_product)}}\"\n                                data-mfp-src=\"{{getImage this 'zoom_size' (cdn theme_settings.default_image_product)}}\">\n                                <div class=\"productView-img-container\">\n                                    <a href=\"{{getImage product.main_image 'zoom_size' (cdn theme_settings.default_image_product)}}\">\n                                        <img class=\"productView-image--default\"\n                                            data-sizes=\"auto\" src=\"{{getImage this 'zoom_size' (cdn ../theme_settings.default_image_product)}}\"\n                                            alt=\"{{product.main_image.alt}}\" title=\"{{product.main_image.alt}}\" data-main-image>\n                                    </a>\n                                </div>\n                            </figure>\n                        {{/each}}\n                    </div>\n                    {{#if product.videos.list.length}}\n                        <div class=\"label-videos\">\n                            <a class=\"video-link\" href=\"javascript:void(0);\" data-reveal-id=\"video-gallery-popup\">\n                                <img class=\"icon\" src=\"https://cdn11.bigcommerce.com/s-3tntjfynbx/product_images/uploaded_images/btn-play.png\" alt=\"\"></span>\n                            </a>\n                            {{>components/themevale/modals/video-gallery product.videos}}\n                        </div>\n                    {{/if}}\n                </div>\n                <div class=\"productView-for\" data-slick='{\n                    \"arrows\": true,\n                    \"dots\": false,\n                    \"infinite\": true,\n                    \"focusOnSelect\": true,\n                    \"slidesToShow\": 4,\n                    \"slidesToScroll\": 1,\n                    \"asNavFor\": \".quickView .themevale_productView-images .productView-nav\",\n                    \"nextArrow\": \"<svg class=&apos;slick-next slick-arrow&apos; aria-label=&apos;Next Product Image&apos;><use xlink:href=&apos;#icon-slick-next&apos;></use></svg>\", \n                    \"prevArrow\": \"<svg class=&apos;slick-prev slick-arrow&apos; aria-label=&apos;Previous Product Image&apos;><use xlink:href=&apos;#icon-slick-prev&apos;></use></svg>\",\n                    \"responsive\": [\n                        {\n                            \"breakpoint\": 1025,\n                            \"settings\": {\n                                \"slidesToShow\": 4,\n                                \"slidesToScroll\": 1\n                            }\n                        },\n                        {\n                            \"breakpoint\": 321,\n                            \"settings\": {\n                                \"slidesToShow\": 3,\n                                \"slidesToScroll\": 1\n                            }\n                        }\n                    ]\n                }'>\n                    {{#each product.images}}\n                        <div class=\"productView-thumbnail\">\n                            <a\n                                class=\"productView-thumbnail-link\"\n                                href=\"{{getImage this 'product_size' (cdn ../theme_settings.default_image_product)}}\"\n                                data-image-gallery-item\n                                data-image-gallery-new-image-url=\"{{getImage this 'product_size' (cdn ../theme_settings.default_image_product)}}\"\n                                data-image-gallery-zoom-image-url=\"{{getImage this 'zoom_size' (cdn ../theme_settings.default_image_product)}}\">\n                                <img class=\"lazyload\" data-sizes=\"auto\" src=\"{{cdn 'img/loading.svg'}}\" data-src=\"{{getImage this 'productthumb_size' (cdn ../theme_settings.default_image_product)}}\" alt=\"{{this.alt}}\" title=\"{{this.alt}}\">\n                            </a>\n                        </div>\n                    {{/each}}\n                </div>\n            </div>\n        </div>\n        <div class=\"themevale_productView-right\">\n            <div class=\"productView-details\">\n                <div class=\"productView-product\">\n                    <h1 class=\"productView-title\" data-url=\"{{product.url}}\" {{#if schema}}itemprop=\"name\"{{/if}}>{{product.title}}</h1>\n                    {{#if product.brand}}\n                        <h2 class=\"productView-brand\"{{#if schema}} itemprop=\"brand\" itemscope itemtype=\"http://schema.org/Brand\"{{/if}}>\n                            <a href=\"{{product.brand.url}}\"{{#if schema}} itemprop=\"url\"{{/if}}><span{{#if schema}} itemprop=\"name\"{{/if}}>{{product.brand.name}}</span></a>\n                        </h2>\n                    {{/if}}\n                    <div class=\"productView-rating-wrapper\">\n                        <div class=\"productView-rating\"{{#if product.num_reviews '>' 0}}{{#if schema}} itemprop=\"aggregateRating\" itemscope itemtype=\"http://schema.org/AggregateRating\"{{/if}}{{/if}}>\n                            {{#if settings.show_product_rating}}\n                                {{#if product.num_reviews '>' 0}}\n                                    {{#if schema}}\n                                        <meta itemprop=\"ratingValue\" content=\"{{product.rating}}\">\n                                        <meta itemprop=\"ratingCount\" content=\"{{product.num_reviews}}\">\n                                        <meta itemprop=\"reviewCount\" content=\"{{product.num_reviews}}\">\n                                    {{/if}}\n                                {{/if}}\n                                {{> components/products/ratings rating=product.rating}}\n                                <span class=\"productView-reviewLink review-link\">\n                                    {{#if product.num_reviews '>' 0}}\n                                        <a href=\"{{product.url}}#product-reviews\">\n                                            {{lang 'products.reviews.link_to_review' total=product.num_reviews}}\n                                        </a>\n                                    {{else}}\n                                        No reviews\n                                    {{/if}}\n                                </span>\n                            {{/if}}\n                            {{#if settings.show_product_reviews}}\n                                <span class=\"productView-reviewLink popup-link\">\n                                    <a href=\"{{product.url}}{{#if is_ajax}}#write_review{{/if}}\"\n                                       {{#unless is_ajax }}data-reveal-id=\"modal-review-form\"{{/unless}}>\n                                       {{lang 'products.reviews.new'}}\n                                    </a>\n                                </span>\n                                {{> components/products/modals/writeReview}}\n                            {{/if}}\n                        </div>\n                        {{#if theme_settings.themevale_soldProduct}}\n                            <div class=\"sold-product\"></div>\n                        {{/if}}\n                    </div>\n\n                    {{#if theme_settings.themevale_progressProduct }}\n                        {{#if theme_settings.themevale_progressProduct_auto}}\n                            {{#if product.stock_level}}\n                            <div class=\"productView-progress hide\" data-product-id=\"{{product.id}}\" role=\"progressbar\">\n                                <p class=\"progress-title\"> <span>{{theme_settings.themevale_progressProduct_text1}}</span> <span data-product-stock>{{product.stock_level}}</span> <span>{{theme_settings.themevale_progressProduct_text2}}</span></p>\n                                <div class=\"progress success\" role=\"progressbar\">\n                                    <div class=\"progress-meter\" style=\"width: 50%\"></div>\n                                </div>\n                            </div>\n                            {{/if}}\n                        {{/if}}\n                        {{#if theme_settings.themevale_progressProduct_edit}}\n                            <div class=\"productView-progress productView-progress-edit hide\" role=\"progressbar\">\n                                <p class=\"progress-title\"> <span>{{theme_settings.themevale_progressProduct_text1}}</span> <span data-product-stock-2></span> <span>{{theme_settings.themevale_progressProduct_text2}}</span></p>\n                                <div class=\"progress success\" role=\"progressbar\">\n                                    <div class=\"progress-meter\" style=\"width: 50%\"></div>\n                                </div>\n                            </div>\n                        {{/if}}\n                    {{/if}}\n                    \n                    {{> components/themevale/products/countdown}}\n\n                    {{#if product.call_for_price}}\n                        <p class=\"productView-price\">\n                            <span>{{product.call_for_price}}</span>\n                        </p>\n                    {{/if}}\n                    <div class=\"productView-price\">\n                        {{#or customer (if theme_settings.restrict_to_login '!==' true)}}\n                            {{> components/products/price price=product.price schema_org=schema}}\n                        {{else}}\n                            {{> components/common/login-for-pricing}}\n                        {{/or}}\n                    </div>\n                    {{{region name=\"product_below_price\"}}}\n                    {{product.detail_messages}}\n                    <dl class=\"productView-info\">\n                        {{#if product.sku}}\n                            <dt class=\"productView-info-name\">{{lang 'products.sku'}}</dt>\n                            <dd class=\"productView-info-value\" data-product-sku>{{product.sku}}</dd>\n                        {{/if}}\n                        {{#if product.upc}}\n                            <dt class=\"productView-info-name\">{{lang 'products.upc'}}</dt>\n                            <dd class=\"productView-info-value\" data-product-upc>{{product.upc}}</dd>\n                        {{/if}}\n                        {{#if product.condition}}\n                            <dt class=\"productView-info-name\">{{lang 'products.condition'}}</dt>\n                            <dd class=\"productView-info-value\">{{product.condition}}</dd>\n                        {{/if}}\n                        {{#if product.availability}}\n                            <dt class=\"productView-info-name\">{{lang 'products.availability'}}</dt>\n                            <dd class=\"productView-info-value\">{{product.availability}}</dd>\n                        {{/if}}\n                        {{#all product.weight theme_settings.show_product_weight}}\n                            <dt class=\"productView-info-name\">{{lang 'products.weight'}}</dt>\n                            <dd class=\"productView-info-value\" data-product-weight>{{product.weight}}</dd>\n                        {{/all}}\n                        {{#all product.width product.height product.depth theme_settings.show_product_dimensions}}\n                            <dt class=\"productView-info-name\">{{lang 'products.width'}}</dt>\n                            <dd class=\"productView-info-value\" data-product-width>\n                                {{product.width}}\n                                {{#if settings.measurements.length '==' 'Centimeters'}}\n                                ({{lang 'products.measurement.metric'}})\n                                {{else}}\n                                ({{lang 'products.measurement.imperial'}})\n                                {{/if}}\n                            </dd>\n                            <dt class=\"productView-info-name\">{{lang 'products.height'}}</dt>\n                            <dd class=\"productView-info-value\" data-product-height>\n                                {{product.height}}\n                                {{#if settings.measurements.length '==' 'Centimeters'}}\n                                ({{lang 'products.measurement.metric'}})\n                                {{else}}\n                                ({{lang 'products.measurement.imperial'}})\n                                {{/if}}\n                            </dd>\n                            <dt class=\"productView-info-name\">{{lang 'products.depth'}}</dt>\n                            <dd class=\"productView-info-value\" data-product-depth>\n                                {{product.depth}}\n                                {{#if settings.measurements.length '==' 'Centimeters'}}\n                                ({{lang 'products.measurement.metric'}})\n                                {{else}}\n                                ({{lang 'products.measurement.imperial'}})\n                                {{/if}}\n                            </dd>\n                        {{/all}}\n                        {{#if product.min_purchase_quantity}}\n                            <dt class=\"productView-info-name\">{{lang 'products.min_purchase_quantity'}}</dt>\n                            <dd class=\"productView-info-value\">{{lang 'products.purchase_units' quantity=product.min_purchase_quantity}}</dd>\n                        {{/if}}\n                        {{#if product.max_purchase_quantity}}\n                            <dt class=\"productView-info-name\">{{lang 'products.max_purchase_quantity'}}</dt>\n                            <dd class=\"productView-info-value\">{{lang 'products.purchase_units' quantity=product.max_purchase_quantity}}</dd>\n                        {{/if}}\n                        {{#if product.gift_wrapping_available}}\n                            <dt class=\"productView-info-name\">{{lang 'products.gift_wrapping'}}</dt>\n                            <dd class=\"productView-info-value\">{{lang 'products.gift_wrapping_available'}}</dd>\n                        {{/if}}\n                        {{#if product.shipping}}\n                            {{#if product.shipping.calculated}}\n                                <dt class=\"productView-info-name\">{{lang 'products.shipping'}}</dt>\n                                <dd class=\"productView-info-value\">{{lang 'products.shipping_calculated'}}</dd>\n                            {{else}}\n                                {{#if product.shipping.price.value '===' 0}}\n                                    <dt class=\"productView-info-name\">{{lang 'products.shipping'}}</dt>\n                                    <dd class=\"productView-info-value\">{{lang 'products.shipping_free'}}</dd>\n                                {{else}}\n                                    <dt class=\"productView-info-name\">{{lang 'products.shipping'}}</dt>\n                                    <dd class=\"productView-info-value\">{{lang 'products.shipping_fixed' amount=product.shipping.price.formatted}}</dd>\n                                {{/if}}\n                            {{/if}}\n                        {{/if}}\n                        {{#if settings.bulk_discount_enabled}}\n                            <div class=\"productView-info-bulkPricing\">\n                                {{> components/products/bulk-discount-rates bulk_discount_rates=product.bulk_discount_rates}}\n                            </div>\n                        {{/if}}\n                        {{#each product.custom_fields}}\n                            {{#and (if name '!=' 'countdown' ) (if name '!=' 'custom label')}}\n                            {{#if name '!=' 'has-size-chart'}}\n                                <dt class=\"productView-info-name\">{{name}}:</dt>\n                                <dd class=\"productView-info-value\">{{{value}}}</dd>\n                            {{/if}}\n                            {{/and}}\n                        {{/each}}\n                    </dl>\n                </div>\n                <div class=\"productView-options\">\n                    {{#if product.release_date }}\n                        <p>{{product.release_date}}</p>\n                    {{/if}}\n                    <form class=\"form\" method=\"post\" action=\"{{product.cart_url}}\" enctype=\"multipart/form-data\" data-cart-item-add>\n                        <input type=\"hidden\" name=\"action\" value=\"add\">\n                        <input type=\"hidden\" name=\"product_id\" value=\"{{product.id}}\"/>\n                            {{#each product.customizations}}\n                                {{{dynamicComponent 'components/products/customizations'}}}\n                            {{/each}}\n                        <div data-product-option-change style=\"display:none;\">\n                            {{#each product.custom_fields}}\n                                {{#if name '===' 'has-size-chart'}}\n                                    {{> components/themevale/products/sizeChart}}\n                                {{/if}}\n                            {{/each}}\n                            {{#each product.options}}\n                                {{{dynamicComponent 'components/products/options'}}}\n                            {{/each}}\n                        </div>\n                        {{#if product.event_date}}\n                            {{> components/products/event-date}}\n                        {{/if}}\n                        {{#unless theme_settings.themevale_progressProduct}}\n                        <div class=\"form-field form-field--stock{{#unless product.stock_level}} u-hiddenVisually{{/unless}}\">\n                            <label class=\"form-label form-label--alternate\">\n                                {{lang 'products.current_stock'}}\n                                <span data-product-stock>{{product.stock_level}}</span>\n                            </label>\n                        </div>\n                        {{/unless}}\n                        {{> components/products/add-to-cart-2}}\n                        \n                        {{#if product.out_of_stock}}\n                            {{#if product.out_of_stock_message}}\n                                {{> components/common/alert-error product.out_of_stock_message}}\n                            {{else}}\n                                {{> components/common/alert-error (lang 'products.sold_out')}}\n                            {{/if}}\n                        {{/if}}\n                    </form>\n                    {{#if settings.show_wishlist}}\n                        {{> components/common/wishlist-dropdown}}\n                    {{/if}}\n                </div>\n                <div class=\"themevale_securityImage\">\n                    <ul>\n                        <li>\n                            <img src=\"https://cdn11.bigcommerce.com/s-3tntjfynbx/product_images/uploaded_images/security-1.png\" alt=\"security image 1\">\n                        </li>\n                        <li>\n                            <img src=\"https://cdn11.bigcommerce.com/s-3tntjfynbx/product_images/uploaded_images/security-2.png\" alt=\"security image 2\">\n                        </li>\n                        <li>\n                            <img src=\"https://cdn11.bigcommerce.com/s-3tntjfynbx/product_images/uploaded_images/security-3.png\" alt=\"security image 3\">\n                        </li>\n                        <li>\n                            <img src=\"https://cdn11.bigcommerce.com/s-3tntjfynbx/product_images/uploaded_images/security-4.png\" alt=\"security image 4\">\n                        </li>\n                    </ul>\n                </div>\n                {{> components/common/share}}\n                {{{snippet 'product_details'}}}\n            </div>\n        </div>\n    </div>\n\n    <div id=\"previewModal\" class=\"modal modal--large\" data-reveal>\n        <a href=\"#\" class=\"modal-close\" aria-label=\"{{lang 'common.close'}}\" role=\"button\">\n            <span aria-hidden=\"true\">&#215;</span>\n        </a>\n        <div class=\"modal-content\"></div>\n        <div class=\"loadingOverlay\"></div>\n    </div>\n</div>\n",
  "components/common/alert-error": "<div class=\"alertBox alertBox--error\">\n    <div class=\"alertBox-column alertBox-icon\">\n        <icon glyph=\"ic-error\" class=\"icon\" aria-hidden=\"true\"><svg xmlns=\"http://www.w3.org/2000/svg\" width=\"24\" height=\"24\" viewBox=\"0 0 24 24\"><path d=\"M12 2C6.48 2 2 6.48 2 12s4.48 10 10 10 10-4.48 10-10S17.52 2 12 2zm1 15h-2v-2h2v2zm0-4h-2V7h2v6z\"></path></svg></icon>\n    </div>\n    <p class=\"alertBox-column alertBox-message\">\n        <span>{{{this}}}</span>\n    </p>\n</div>\n",
  "components/common/alert-success": "<div class=\"alertBox alertBox--success\">\n    <div class=\"alertBox-column alertBox-icon\">\n        <icon glyph=\"ic-success\" class=\"icon\" aria-hidden=\"true\"><svg xmlns=\"http://www.w3.org/2000/svg\" width=\"24\" height=\"24\" viewBox=\"0 0 24 24\"><path d=\"M12 2C6.48 2 2 6.48 2 12s4.48 10 10 10 10-4.48 10-10S17.52 2 12 2zm1 15h-2v-2h2v2zm0-4h-2V7h2v6z\"></path></svg></icon>\n    </div>\n    <p class=\"alertBox-column alertBox-message\">\n        <span>{{{this}}}</span>\n    </p>\n</div>\n",
  "components/themevale/modals/video-gallery": "<div id=\"video-gallery-popup\" class=\"modal\" data-reveal>\r\n    <div class=\"modal-content\">\r\n        <a href=\"#\" class=\"modal-close\" aria-label=\"Close\"><span aria-hidden=\"true\">&#215;</span></a>\r\n        <div class=\"modal-header\">\r\n            <h2 class=\"modal-header-title\">video gallery</h2>\r\n        </div>\r\n        <div class=\"modal-body\">\r\n            <div class=\"videoGallery themevale_videoGallery\" data-video-gallery>\r\n                <div id=\"videoGallery-content\">\r\n                    <div class=\"videoGallery-main\">\r\n                        <iframe\r\n                            id=\"player\"\r\n                            class=\"lazyload\"\r\n                            type=\"text/html\"\r\n                            width=\"640\"\r\n                            height=\"390\"\r\n                            frameborder=\"0\"\r\n                            webkitAllowFullScreen\r\n                            mozallowfullscreen\r\n                            allowFullScreen\r\n                            data-src=\"//www.youtube.com/embed/{{this.featured.id}}\"\r\n                            data-video-player>\r\n                        </iframe>\r\n                    </div>\r\n                    <ul class=\"videoGallery-list\">\r\n                    {{#each this.list}}\r\n                        <li class=\"videoGallery-item\">\r\n                            <a href=\"#\" class=\"video {{#if @first}}is-active{{/if}}\" data-video-item data-video-id=\"{{id}}\">\r\n                                <div class=\"video-figure\">\r\n                                    <img class=\"lazyload\" data-sizes=\"auto\" src=\"{{cdn 'img/loading.svg'}}\" data-src=\"//i.ytimg.com/vi/{{id}}/default.jpg\"/>\r\n                                </div>\r\n                            </a>\r\n                        </li>\r\n                    {{/each}}\r\n                    </ul>\r\n                </div>\r\n            </div>\r\n            <div class=\"loadingOverlay\"></div>\r\n        </div>\r\n    </div>\r\n</div>\r\n",
  "components/products/modals/writeReview": "<div id=\"modal-review-form\" class=\"modal\" data-reveal>\n    {{inject 'reviewRating' (lang 'forms.validate.reviews.rating')}}\n    {{inject 'reviewSubject' (lang 'forms.validate.reviews.title')}}\n    {{inject 'reviewComment' (lang 'forms.validate.reviews.comment')}}\n    {{inject 'reviewEmail' (lang 'forms.validate.common.email_address')}}\n    <div class=\"modal-header\">\n        <h2 class=\"modal-header-title\">{{lang 'products.reviews.write_a_review'}}</h2>\n        <a href=\"#\" class=\"modal-close\" aria-label=\"{{lang 'common.close'}}\" role=\"button\">\n            <span aria-hidden=\"true\">&#215;</span>\n        </a>\n    </div>\n    <div class=\"modal-body\">\n        <div class=\"writeReview-productDetails\">\n            <div class=\"writeReview-productImage-container\">\n                <img class=\"lazyload\" data-sizes=\"auto\" src=\"{{cdn 'img/loading.svg'}}\" data-src=\"{{getImage product.main_image 'product_size' (cdn theme_settings.default_image_product)}}\">\n            </div>\n            <h6 class=\"product-brand\">{{ product.brand.name }}</h6>\n            <h5 class=\"product-title\">{{ product.title }}</h5>\n        </div>\n        <form class=\"form writeReview-form\" action=\"{{ urls.product.post_review }}\" method=\"post\">\n            <fieldset class=\"form-fieldset\">\n                <div class=\"form-field\">\n                    <label class=\"form-label\" for=\"rating-rate\">{{lang 'products.reviews.rating_label'}}\n                        <small>{{lang 'common.required' }}</small>\n                    </label>\n                    <!-- Stars -->\n                    <!-- TODO: Review Stars need to be componentised, both for display and input -->\n                    <select id=\"rating-rate\" class=\"form-select\" name=\"revrating\">\n                        <option value=\"\">{{lang 'products.reviews.select_rating'}}</option>\n                        {{#for 1 5}}\n                            {{#if ../product.reviews.selected_rating '===' $index}}\n                                <option selected value=\"{{$index}}\">{{lang (concat 'products.reviews.rating.' $index) }}</option>\n                            {{else}}\n                                <option value=\"{{$index}}\">{{lang (concat 'products.reviews.rating.' $index) }}</option>\n                            {{/if}}\n                        {{/for}}\n                    </select>\n                </div>\n\n                <!-- Name -->\n                {{#if product.reviews.author}}\n                    {{> components/common/forms/text id=\"revfromname\" name=\"revfromname\" label=(lang 'products.reviews.form_write.name') value=product.reviews.author}}\n                {{else}}\n                    {{> components/common/forms/text id=\"revfromname\" name=\"revfromname\" label=(lang 'products.reviews.form_write.name') value=customer.name}}\n                {{/if}}\n\n                {{#if product.reviews.show_review_email}}\n                    <!-- Email -->\n                    {{#if product.reviews.email}}\n                        {{> components/common/forms/text id=\"email\" name=\"email\" required=\"false\" label=(lang 'products.reviews.form_write.email') value=product.reviews.email}}\n                    {{else}}\n                        {{> components/common/forms/text id=\"email\" name=\"email\" required=\"false\" label=(lang 'products.reviews.form_write.email') value=customer.email}}\n                    {{/if}}\n                {{/if}}\n\n                <!-- Review Subject -->\n                {{> components/common/forms/text id=\"revtitle\" name=\"revtitle\" required=\"true\" label=(lang 'products.reviews.form_write.subject') value=product.reviews.title}}\n\n                <!-- Comments -->\n                {{> components/common/forms/multiline id=\"revtext\" name=\"revtext\" required=\"true\" label=(lang 'products.reviews.form_write.comments') value=product.reviews.text}}\n\n                {{{product.reviews.recaptcha.markup}}}\n\n                <div class=\"form-field\">\n                    <input type=\"submit\" class=\"button\" value=\"{{lang 'products.reviews.form_write.submit_value' }}\">\n                </div>\n                <input type=\"hidden\" name=\"product_id\" value=\"{{ product.id }}\">\n                <input type=\"hidden\" name=\"action\" value=\"post_review\">\n                {{#if product.reviews.throttleToken}}<input type=\"hidden\" name=\"throttleToken\" value=\"{{product.reviews.throttleToken}}\">{{/if}}\n            </fieldset>\n        </form>\n    </div>\n</div>\n",
  "components/products/ratings": "{{#for 1 5}}\n    {{#if ../this.rating '>=' $index}}\n        <span class=\"icon icon--ratingFull\">\n            <svg aria-label=\"Rating Full\">\n                <use xlink:href=\"#icon-star\"/>\n            </svg>\n        </span>\n    {{else}}\n        <span class=\"icon icon--ratingEmpty\">\n            <svg aria-label=\"Rating Empty\">\n                <use xlink:href=\"#icon-starEmpty\"/>\n            </svg>\n        </span>\n    {{/if}}\n{{/for}}\n{{{snippet 'product_rating'}}}\n",
  "components/themevale/products/countdown": "{{#each product.custom_fields}}\r\n\t{{#if name '===' 'countdown'}}\r\n\t\t<div class=\"productView-countDown hide\">\r\n\t\t\t<div class=\"countdownValue_{{../../product.id}} countdownValue\">\r\n\t\t\t\t{{{value}}}\r\n\t\t\t</div>\r\n\t\t\t<div id=\"countDownDate_{{../../product.id}}\" class=\"countDownDate\"></div>\r\n\t\t</div>\r\n\t{{/if}}\r\n{{/each}}\r\n",
  "components/products/price": "{{!-- There are 2 code paths for generating the PDP pricing HTML determined by the following #and condition. \nIf a 'price_range' exists then we generate all HTML in price-range.html, otherwise it is defined here. Both code\npaths generate the same HTML structure with some differences in whether that element is displayed by default (css styling).\n\nIf you are making a change here or in price-range.html, you probably want to make that change in both files. --}}\n\n{{#and price.price_range (if theme_settings.price_ranges '==' true)}}\n    {{> components/products/price-range price=price schema_org=schema_org}}\n{{else}}\n    {{#if price.with_tax}}\n        <div class=\"price-section price-section--withTax rrp-price--withTax\" {{#unless price.rrp_with_tax}}style=\"display: none;\"{{/unless}}>\n            {{theme_settings.pdp-retail-price-label}}\n            <span data-product-rrp-with-tax class=\"price price--rrp\">\n                {{price.rrp_with_tax.formatted}}\n            </span>\n        </div>\n        <div class=\"price-section price-section--withTax non-sale-price--withTax {{#unless price.non_sale_price_without_tax}}price-none{{/unless}}\" {{#unless price.non_sale_price_with_tax}}style=\"display: none;\"{{/unless}}>\n            <span data-product-non-sale-price-with-tax class=\"price price--non-sale\">\n                {{price.non_sale_price_with_tax.formatted}}\n            </span>\n        </div>\n        <div class=\"price-section price-section--withTax\" {{#if schema_org}}itemprop=\"offers\" itemscope itemtype=\"http://schema.org/Offer\"{{/if}}>\n            <span data-product-price-with-tax class=\"price price--withTax\">{{price.with_tax.formatted}}</span>\n            {{#if schema_org}}\n                <meta itemprop=\"url\" content=\"{{product.url}}\">\n                <meta itemprop=\"availability\" content=\"{{product.availability}}\">\n                <meta itemprop=\"itemCondition\" itemtype=\"http://schema.org/OfferItemCondition\" content=\"http://schema.org/{{product.condition}}Condition\">\n                <meta itemprop=\"priceCurrency\" content=\"{{currency_selector.active_currency_code}}\">\n                <meta itemprop=\"priceValidUntil\" content=\"2020-03-25\">\n                <div itemprop=\"priceSpecification\" itemscope itemtype=\"http://schema.org/PriceSpecification\">\n                    <meta itemprop=\"price\" content=\"{{price.with_tax.value}}\">\n                    <meta itemprop=\"priceCurrency\" content=\"{{currency_selector.active_currency_code}}\">\n                    <meta itemprop=\"valueAddedTaxIncluded\" content=\"true\">\n                </div>\n            {{/if}}\n            {{#if price.without_tax}}\n                <abbr title=\"{{lang 'products.including_tax'}}\">{{lang 'products.price_with_tax' tax_label=price.tax_label}}</abbr>\n            {{/if}}\n        </div>\n    {{/if}}\n    {{#if price.without_tax}}\n        <div class=\"price-section price-section--withoutTax rrp-price--withoutTax{{#if price.with_tax}} price-section--minor{{/if}}\" {{#unless price.rrp_without_tax}}style=\"display: none;\"{{/unless}}>\n            {{theme_settings.pdp-retail-price-label}}\n            <span data-product-rrp-price-without-tax class=\"price price--rrp\"> \n                {{price.rrp_without_tax.formatted}}\n            </span>\n        </div>\n        <div class=\"price-section price-section--withoutTax non-sale-price--withoutTax{{#if price.with_tax}} price-section--minor{{/if}} {{#unless price.non_sale_price_without_tax}}price-none{{/unless}}\" {{#unless price.non_sale_price_without_tax}}style=\"display: none;\"{{/unless}}>\n            <span data-product-non-sale-price-without-tax class=\"price price--non-sale\">\n                {{price.non_sale_price_without_tax.formatted}}\n            </span>\n        </div>\n        <div class=\"price-section price-section--withoutTax\" {{#if schema_org}}itemprop=\"offers\" itemscope itemtype=\"http://schema.org/Offer\"{{/if}}>\n            <span data-product-price-without-tax class=\"price price--withoutTax{{#if price.with_tax}} price-section--minor{{/if}}\">{{price.without_tax.formatted}}</span>\n            {{#if schema_org}}\n                <meta itemprop=\"url\" content=\"{{product.url}}\">\n                <meta itemprop=\"availability\" itemtype=\"http://schema.org/ItemAvailability\"\n                    content=\"http://schema.org/{{#if product.pre_order}}PreOrder{{else if product.out_of_stock}}OutOfStock{{else if product.can_purchase '===' false}}OutOfStock{{else}}InStock{{/if}}\">\n                <meta itemprop=\"itemCondition\" itemtype=\"http://schema.org/OfferItemCondition\" content=\"http://schema.org/{{product.condition}}Condition\">\n                <meta itemprop=\"priceCurrency\" content=\"{{currency_selector.active_currency_code}}\">\n                <meta itemprop=\"priceValidUntil\" content=\"2020-03-25\">\n                <div itemprop=\"priceSpecification\" itemscope itemtype=\"http://schema.org/PriceSpecification\">\n                    <meta itemprop=\"price\" content=\"{{price.without_tax.value}}\">\n                    <meta itemprop=\"priceCurrency\" content=\"{{currency_selector.active_currency_code}}\">\n                    <meta itemprop=\"valueAddedTaxIncluded\" content=\"false\">\n                </div>\n            {{/if}}\n            {{#if price.with_tax}}\n                <abbr title=\"{{lang 'products.excluding_tax'}}\">{{lang 'products.price_without_tax' tax_label=price.tax_label}}</abbr>\n            {{/if}}\n        </div>\n    {{/if}}\n    {{#if page_type '===' 'product'}}\n         <div class=\"price-section price-section--saving price\" {{#unless price.saved}}style=\"display: none;\"{{/unless}}>\n                <span class=\"price\">{{lang 'products.you_save_opening_text'}}</span>\n                <span data-product-price-saved class=\"price price--saving\">\n                    {{price.saved.formatted}}\n                </span>\n                <!-- <span class=\"price\">{{lang 'products.you_save_closing_bracket'}}</span> -->\n         </div>\n    {{/if}}\n{{/and}}\n",
  "components/products/add-to-cart-2": "<div id=\"add-to-cart-wrapper-2\" {{#unless product.can_purchase}}style=\"display: none\"{{/unless}}>\r\n    <div class=\"form-field form-field--increments\">\r\n        <label class=\"form-label form-label--alternate\"\r\n               for=\"qty[]\">{{lang 'products.quantity'}}</label>\r\n        <div class=\"form-increment\" data-quantity-change>\r\n            <button class=\"button button--icon\" data-action=\"dec\">\r\n                <i class=\"icon\" aria-hidden=\"true\">-</i>\r\n            </button>\r\n            <input class=\"form-input form-input--incrementTotal\"\r\n                   id=\"qty[]\"\r\n                   name=\"qty[]\"\r\n                   type=\"tel\"\r\n                   value=\"{{#if product.min_purchase_quantity}}{{product.min_purchase_quantity}}{{else}}1{{/if}}\"\r\n                   data-quantity-min=\"{{product.min_purchase_quantity}}\"\r\n                   data-quantity-max=\"{{product.max_purchase_quantity}}\"\r\n                   min=\"1\"\r\n                   pattern=\"[0-9]*\"\r\n                   aria-live=\"polite\">\r\n            <button class=\"button button--icon\" data-action=\"inc\">\r\n                <i class=\"icon\" aria-hidden=\"true\">+</i>\r\n            </button>\r\n        </div>\r\n    </div>\r\n    <div class=\"alertBox productAttributes-message\" style=\"display:none\">\r\n      <div class=\"alertBox-column alertBox-icon\">\r\n          <icon glyph=\"ic-success\" class=\"icon\" aria-hidden=\"true\"><svg xmlns=\"http://www.w3.org/2000/svg\" width=\"24\" height=\"24\" viewBox=\"0 0 24 24\"><path d=\"M12 2C6.48 2 2 6.48 2 12s4.48 10 10 10 10-4.48 10-10S17.52 2 12 2zm1 15h-2v-2h2v2zm0-4h-2V7h2v6z\"></path></svg></icon>\r\n      </div>\r\n      <p class=\"alertBox-column alertBox-message\"></p>\r\n    </div>\r\n    {{#or customer (if theme_settings.restrict_to_login '!==' true)}}\r\n      <div class=\"form-action\">\r\n          <input id=\"form-action-addToCart\" data-wait-message=\"{{lang 'products.adding_to_cart'}}\" class=\"button\" type=\"submit\" value=\"{{#if product.pre_order}}{{lang 'products.pre_order'}}{{else}}{{lang 'products.add_to_cart'}}{{/if}}\" {{#if product.can_purchase}}{{else}}disabled {{/if}}>\r\n      </div>\r\n    {{/or}}\r\n</div>\r\n\r\n",
  "components/themevale/products/sizeChart": "<a href=\"javascript:void(0);\" data-reveal-id=\"modal-size-chart-form\">Size Chart</a>\r\n<div id=\"modal-size-chart-form\" class=\"modal\" data-reveal>\r\n    <div class=\"modal-header\">\r\n        <h2 class=\"modal-header-title\">Size Chart</h2>\r\n        <a href=\"#\" class=\"modal-close\" aria-label=\"{{lang 'common.close'}}\" role=\"button\">\r\n            <span aria-hidden=\"true\">&#215;</span>\r\n        </a>\r\n    </div>\r\n    <div class=\"modal-body\">\r\n        <img src=\"{{value}}\" alt=\"\">\r\n    </div>\r\n</div>\r\n",
  "components/products/bulk-discount-rates": "{{#if bulk_discount_rates.length}}\n    {{#if product}}<dt class=\"productView-info-name\">{{lang 'products.bulk_pricing.title'}}</dt>{{/if}}\n    <dd class=\"productView-info-value\">\n        <a href=\"{{url}}\"\n           {{#unless is_ajax }}data-reveal-id=\"bulkPricingModal{{#if id}}-{{id}}-{{$index}}{{/if}}\"{{/unless}}>\n            {{lang 'products.bulk_pricing.view'}}\n        </a>\n    </dd>\n    <div id=\"bulkPricingModal{{#if id}}-{{id}}-{{$index}}{{/if}}\" class=\"modal modal--small\" data-reveal>\n        <div class=\"modal-header\">\n            <h2 class=\"modal-header-title\">{{lang 'products.bulk_pricing.modal_title'}}</h2>\n            <a href=\"#\" class=\"modal-close\" aria-label=\"Close\"><span aria-hidden=\"true\">&#215;</span></a>\n        </div>\n        <div class=\"modal-body\">\n            <p>{{lang 'products.bulk_pricing.instructions'}}</p>\n            <ul>\n                {{#each bulk_discount_rates}}\n                <li>\n                    {{lang 'products.bulk_pricing.range' min=min max=max}}\n                    {{#if type '===' 'percent'}}\n                    {{lang 'products.bulk_pricing.percent' discount=discount.formatted}}\n                    {{/if}}\n                    {{#if type '===' 'fixed'}}\n                    {{lang 'products.bulk_pricing.fixed' discount=discount.formatted}}\n                    {{/if}}\n                    {{#if type '===' 'price'}}\n                    {{lang 'products.bulk_pricing.price' discount=discount.formatted}}\n                    {{/if}}\n                </li>\n                {{/each}}\n            </ul>\n        </div>\n    </div>\n{{/if}}\n",
  "components/products/event-date": "<div class=\"form-field\">\n    <label class=\"form-label form-label--alternate form-label--inlineSmall\">\n    {{product.event_date.name}}:\n    <small>{{lang 'common.required'}}</small>\n    </label>\n    <select class=\"form-select form-select--date\" name=\"EventDate[Mth]\" required>\n        <option value=\"\">{{lang 'common.month'}}</option>\n        {{#enumerate 1 12}}\n            <option value=\"{{this}}\">{{getShortMonth this}}</option>\n        {{/enumerate}}\n    </select>\n    <select class=\"form-select form-select--date\" name=\"EventDate[Day]\" required>\n        <option value=\"\">{{lang 'common.day'}}</option>\n        {{#enumerate 1 31}}\n            <option value=\"{{this}}\">{{this}}</option>\n        {{/enumerate}}\n    </select>\n    <select class=\"form-select form-select--date\" name=\"EventDate[Yr]\" required>\n        <option value=\"\">{{lang 'common.year'}}</option>\n        {{#enumerate product.event_date.earliest_year product.event_date.latest_year}}\n            <option value=\"{{this}}\" >{{this}}</option>\n        {{/enumerate}}\n    </select>\n</div>\n",
  "components/common/wishlist-dropdown": "<form action=\"{{product.add_to_wishlist_url}}\" class=\"form form-wishlist form-action\" data-wishlist-add method=\"post\">\n    <a aria-controls=\"wishlist-dropdown\" aria-expanded=\"false\" class=\"button button--border dropdown-menu-button\" data-dropdown=\"wishlist-dropdown\" href=\"javascript:void(0);\">\n        <svg class=\"icon\" aria-hidden=\"true\"><use xlink:href=\"#icon-heart\"/></svg>\n        <span>{{lang 'account.wishlists.add_item'}}</span>\n    </a>\n    <ul aria-hidden=\"true\" class=\"dropdown-menu\" data-dropdown-content id=\"wishlist-dropdown\" tabindex=\"-1\">\n        {{#if customer.wishlists}} {{#each customer.wishlists}}\n        <li>\n            <input class=\"button {{#if this.num_items '!==' '0'}}button--has-items{{/if}}\" formaction=\"{{this.add_url}}&product_id={{../product.id}}\"\n                type=\"submit\" value=\"{{this.name}}\">\n        </li>\n        {{/each}} {{else}}\n        <li>\n            <input class=\"button\" type=\"submit\" value=\"{{lang 'account.wishlists.add_to_default'}}\">\n        </li>\n        {{/if}}\n        <li>\n            <a data-wishlist class=\"button\" href=\"/wishlist.php?action=addwishlist&product_id={{product.id}}\">{{lang 'account.wishlists.create_new'}}</a>\n        </li>\n    </ul>\n</form>\n",
  "components/common/share": "{{#if settings.add_this.buttons}}\n    <div class=\"addthis_toolbox addthis_32x32_style\" addthis:url=\"{{url}}\"\n         addthis:title=\"{{title}}\">\n        <ul class=\"socialLinks\">\n            {{#each settings.add_this.buttons}}\n                <li class=\"socialLinks-item socialLinks-item--{{service}}\">\n                    <a class=\"addthis_button_{{service}} icon icon--{{service}}\" {{{annotation}}} {{#if service '===' 'email'}} aria-label=\"Open Email in a new tab\"{{/if}}>\n                        {{#if service '===' 'facebook'}}\n                            <svg aria-hidden=\"true\">\n                                <use xlink:href=\"#icon-facebook\"/>\n                            </svg>\n                        {{/if}}\n\n                        {{#if service '===' 'email'}}\n                            <svg aria-hidden=\"true\">\n                                <use xlink:href=\"#icon-envelope\"/>\n                            </svg>\n                        {{/if}}\n\n                        {{#if service '===' 'print'}}\n                            <svg aria-hidden=\"true\">\n                                <use xlink:href=\"#icon-print\"/>\n                            </svg>\n                        {{/if}}\n\n                        {{#if service '===' 'twitter'}}\n                            <svg aria-hidden=\"true\">\n                                <use xlink:href=\"#icon-twitter\"/>\n                            </svg>\n                        {{/if}}\n\n                        {{#if service '===' 'linkedin'}}\n                            <svg aria-hidden=\"true\">\n                                <use xlink:href=\"#icon-linkedin\"/>\n                            </svg>\n                        {{/if}}\n\n                        {{#if service '===' 'google'}}\n                            <svg aria-hidden=\"true\">\n                                <use xlink:href=\"#icon-google\"/>\n                            </svg>\n                        {{/if}}\n\n                        {{#if service '===' 'google_plusone'}}\n                            <svg aria-hidden=\"true\">\n                                <use xlink:href=\"#icon-google-plus\"/>\n                            </svg>\n                        {{/if}}\n\n                        {{#if service '===' 'pinterest'}}\n                            <svg aria-hidden=\"true\">\n                                <use xlink:href=\"#icon-pinterest\"/>\n                            </svg>\n                        {{/if}}\n\n                        {{#if service '===' 'facebook_like'}}\n                            <svg aria-hidden=\"true\">\n                                <use xlink:href=\"#icon-facebook_like\"/>\n                            </svg>\n                        {{/if}}\n                    </a>\n                </li>\n            {{/each}}\n        </ul>\n        <script type=\"text/javascript\"\n                src=\"//s7.addthis.com/js/300/addthis_widget.js#pubid=ra-4e94ed470ee51e32\"></script>\n        <script>\n            if (typeof(addthis) === \"object\") {\n                addthis.toolbox('.addthis_toolbox');\n            }\n        </script>\n    </div>\n{{/if}}\n",
  "components/products/customizations/checkbox": "<div class=\"form-field\">\n    <input class=\"form-checkbox\" type=\"checkbox\" id=\"customization_{{this.id}}_{{../id}}\" {{#if required}}required {{/if}}name=\"ProductFields[{{this.id}}]\" {{#if value}}checked{{/if}}>\n    <label class=\"form-label form-label--alternate form-label--inlineSmall\" for=\"customization_{{this.id}}_{{../id}}\">\n        {{ this.display_name }}\n        {{#if required}}\n            <small>{{lang 'common.required'}}</small>\n        {{/if}}\n    </label>\n</div>\n",
  "components/products/customizations/select": "<div class=\"form-field\">\n    <label class=\"form-label form-label--alternate form-label--inlineSmall\" for=\"customization_{{id}}_{{../id}}\">\n        {{ display_name }}:\n        {{#if required}}\n            <small>{{lang 'common.required'}}</small>\n        {{/if}}\n    </label>\n    <select class=\"form-select form-select--small\" name=\"ProductFields[{{id}}]\" id=\"customization_{{id}}_{{../id}}\"{{#if required}} required{{/if}}>\n        <option value=\"\">{{lang 'products.choose_an_option'}}</option>\n        {{#each values}}\n            <option value=\"{{this}}\" {{#if ../value '===' this}}selected{{/if}}>{{this}}</option>\n        {{/each}}\n    </select>\n</div>\n",
  "components/common/login-for-pricing": "<p translate>Log in for pricing</p>\n",
  "components/products/customizations/file": "<div class=\"form-field\">\n    <label class=\"form-label form-label--alternate form-label--inlineSmall\" for=\"customization_{{this.id}}_{{../id}}\">\n        {{ this.display_name }}:\n        {{#if required}}\n            <small>{{lang 'common.required'}}</small>\n        {{/if}}\n    </label>\n    <input class=\"form-file\" type=\"file\" id=\"customization_{{this.id}}_{{../id}}\" {{#if required}}required {{/if}}name=\"ProductFields[{{this.id}}]\">\n    {{#if original_name}}\n        {{{lang 'products.file_option_set' url=file_url name=original_name}}}\n    {{/if}}\n    <p class=\"form-fileDescription\">{{#if file_size}}{{lang 'products.max_filesize'}} <strong>{{file_size}}</strong>, {{/if}}{{#if file_types}}{{lang 'products.filetypes'}} <strong>{{file_types}}</strong>{{/if}}</p>\n</div>\n",
  "components/products/customizations/text": "<div class=\"form-field\">\n    <label class=\"form-label form-label--alternate form-label--inlineSmall\" for=\"customization_{{id}}_{{../id}}\">\n        {{ display_name }}:\n        {{#if required}}\n            <small>{{lang 'common.required'}}</small>\n        {{/if}}\n    </label>\n    <input class=\"form-input form-input--small\" type=\"text\" id=\"customization_{{id}}_{{../id}}\" {{#if required}}required {{/if}}name=\"ProductFields[{{id}}]\" value=\"{{value}}\">\n</div>\n",
  "components/products/customizations/textarea": "<div class=\"form-field\">\n    <label class=\"form-label form-label--alternate form-label--inlineSmall\" for=\"customization_{{id}}_{{../id}}\">\n        {{display_name}}:\n        {{#if required}}\n            <small>{{lang 'common.required'}}</small>\n        {{/if}}\n    </label>\n    <textarea class=\"form-input\" id=\"customization_{{id}}_{{../id}}\" {{#if required}}required {{/if}}name=\"ProductFields[{{id}}]\">{{value}}</textarea>\n</div>\n",
  "components/products/options/date": "<div class=\"form-field\" data-product-attribute=\"date\">\n    <label class=\"form-label form-label--alternate form-label--inlineSmall\" {{#if style}}style=\"{{style}}\" {{/if}}>\n        {{this.display_name}}:\n\n        {{#if required}}\n            <small>{{lang 'common.required'}}</small>\n        {{/if}}\n    </label>\n    <select class=\"form-select form-select--date\" name=\"attribute[{{this.id}}][month]\" {{#if required}}required{{/if}}>\n        <option value=\"\">{{lang 'common.month'}}</option>\n        {{#for 1 12}}\n            <option value=\"{{$index}}\" {{#if ../selected_date.month '==' $index}}selected=\"selected\"{{/if}}>\n                {{lang (concat 'common.short_months.' $index)}}\n            </option>\n        {{/for}}\n    </select>\n    <select class=\"form-select form-select--date\" name=\"attribute[{{this.id}}][day]\" {{#if required}}required{{/if}}>\n        <option value=\"\">{{lang 'common.day'}}</option>\n        {{#for 1 31}}\n            <option value=\"{{$index}}\" {{#if ../selected_date.day '==' $index}}selected=\"selected\"{{/if}}>\n                {{$index}}\n            </option>\n        {{/for}}\n    </select>\n    <select class=\"form-select form-select--date\" name=\"attribute[{{this.id}}][year]\" {{#if required}}required{{/if}}>\n        <option value=\"\">{{lang 'common.year'}}</option>\n        {{#for earliest_year latest_year}}\n            <option value=\"{{$index}}\" {{#if ../selected_date.year '==' $index}}selected=\"selected\"{{/if}}>\n                {{$index}}\n            </option>\n        {{/for}}\n        {{#if earliest_year '==' latest_year}}\n        <option value=\"{{earliest_year}}\" selected=\"selected\">{{earliest_year}}</option>\n        {{/if}}\n    </select>\n</div>\n",
  "components/products/options/input-file": "<div class=\"form-field\" data-product-attribute=\"input-file\">\n    <label class=\"form-label form-label--alternate form-label--inlineSmall\" for=\"attribute_file_{{../id}}_{{id}}\">\n        {{ this.display_name }}:\n\n        {{#if required}}\n            <small>{{lang 'common.required'}}</small>\n        {{/if}}\n    </label>\n\n    <input class=\"form-file\" type=\"file\" id=\"attribute_file_{{../id}}_{{id}}\" name=\"attribute[{{this.id}}]\" {{#if required}}required{{/if}}>\n    {{#if original_name}}\n        {{{lang 'products.file_option_set' url=file_url name=original_name}}}\n        <label>{{lang 'cart.remove_file'}}<input type=\"checkbox\" name=\"{{file_remove}}\"></label>\n    {{/if}}\n    <p class=\"form-fileDescription\">{{#if file_size}}{{lang 'products.max_filesize'}} <strong>{{file_size}}</strong>, {{/if}}{{#if file_types}}{{lang 'products.filetypes'}} <strong>{{file_types}}</strong>{{/if}}</p>\n\n</div>\n",
  "components/products/options/input-text": "<div class=\"form-field\" data-product-attribute=\"input-text\">\n    <label class=\"form-label form-label--alternate form-label--inlineSmall\" for=\"attribute_text_{{../id}}_{{id}}\">\n        {{ this.display_name }}:\n\n        {{#if required}}\n            <small>{{lang 'common.required'}}</small>\n        {{/if}}\n    </label>\n\n    <input class=\"form-input form-input--small\" type=\"text\" id=\"attribute_text_{{../id}}_{{id}}\" name=\"attribute[{{this.id}}]\" value=\"{{this.prefill}}\" {{#if required}}required{{/if}}>\n</div>\n",
  "components/products/options/input-checkbox": "<div class=\"form-field\" data-product-attribute=\"input-checkbox\">\n    <label class=\"form-label form-label--alternate form-label--inlineSmall\">\n        {{display_name}}:\n\n        {{#if required}}\n            <small>{{lang 'common.required'}}</small>\n        {{/if}}\n    </label>\n    <input type=\"hidden\" name=\"attribute[{{id}}]\" value=\"{{noValue}}\" />\n    <input\n        class=\"form-checkbox\"\n        type=\"checkbox\"\n        name=\"attribute[{{id}}]\"\n        id=\"attribute-check-{{id}}\"\n        value=\"{{value}}\"\n        {{#if checked}}\n            checked\n            data-default\n        {{/if}}\n        {{#if required}}required{{/if}}>\n\n    <label class=\"form-label {{class}}\" for=\"attribute-check-{{id}}\">{{label}}</label>\n</div>\n",
  "components/products/options/input-numbers": "<div class=\"form-field\" data-product-attribute=\"input-number\">\n    <label class=\"form-label form-label--alternate form-label--inlineSmall\" for=\"attribute_number_{{../id}}_{{id}}\">\n        {{ this.display_name }}:\n\n        {{#if required}}\n            <small>{{lang 'common.required'}}</small>\n        {{/if}}\n    </label>\n\n    <input class=\"form-input\" type=\"number\" id=\"attribute_number_{{../id}}_{{id}}\" {{#unless this.integer_only}}step=\"any\"{{/unless}} name=\"attribute[{{this.id}}]\" value=\"{{this.prefill}}\" {{#if required}}required{{/if}}>\n</div>\n",
  "components/products/options/set-radio": "<div class=\"form-field\" data-product-attribute=\"set-radio\">\n    <label class=\"form-label form-label--alternate form-label--inlineSmall\">\n        {{ this.display_name }}:\n\n        {{#if required}}\n            <small>{{lang 'common.required'}}</small>\n        {{/if}}\n    </label>\n\n    {{#each this.values}}\n        <input\n            class=\"form-radio\"\n            type=\"radio\"\n            id=\"attribute_radio_{{../id}}_{{id}}\"\n            name=\"attribute[{{../id}}]\"\n            value=\"{{id}}\"\n            {{#if selected}}\n                checked\n                data-default\n            {{/if}}\n            {{#if ../required}}required{{/if}}>\n        <label data-product-attribute-value=\"{{id}}\" class=\"form-label\" for=\"attribute_radio_{{../id}}_{{id}}\">{{this.label}}</label>\n    {{/each}}\n</div>\n",
  "components/products/options/set-rectangle": "<div class=\"form-field\" data-product-attribute=\"set-rectangle\">\n    <label class=\"form-label form-label--alternate form-label--inlineSmall\">\n        {{this.display_name}}:\n        <span data-option-value></span>\n        {{#if required}}\n            <small>{{lang 'common.required'}}</small>\n        {{/if}}\n    </label>\n    {{#each this.values}}\n        <input\n            class=\"form-radio\"\n            type=\"radio\"\n            id=\"attribute_rectangle__{{../id}}_{{id}}\"\n            name=\"attribute[{{../id}}]\"\n            value=\"{{id}}\"\n            {{#if selected}}\n                checked\n                data-default\n            {{/if}}\n            {{#if ../required}}required{{/if}}>\n        <label class=\"form-option\" for=\"attribute_rectangle__{{../id}}_{{id}}\" data-product-attribute-value=\"{{id}}\">\n            <span class=\"form-option-variant\">{{this.label}}</span>\n        </label>\n    {{/each}}\n</div>\n",
  "components/products/options/product-list": "<div class=\"form-field\" data-product-attribute=\"product-list\">\n    <label class=\"form-label form-label--alternate form-label--inlineSmall\">\n        {{display_name}}:\n        <span data-option-value></span>\n\n        {{#if required}}\n            <small>{{lang 'common.required'}}</small>\n        {{/if}}\n    </label>\n\n    {{#if values.0.image}}\n        <ul class=\"productOptions-list\">\n            {{#unless required}}\n                <li class=\"productOptions-list-item\">\n                    <input class=\"form-radio\"\n                           type=\"radio\"\n                           name=\"attribute[{{id}}]\"\n                           value=\"0\"\n                           id=\"attribute_productlist_0_{{id}}\"\n                           checked=\"{{#if defaultValue '==' 0}}checked{{/if}}\" required>\n                    <label class=\"form-label\" for=\"attribute_productlist_0_{{id}}\">{{lang 'products.none'}}</label>\n                </li>\n            {{/unless}}\n            {{#each values}}\n                <li class=\"productOptions-list-item\" data-product-attribute-value=\"{{id}}\">\n                    {{#if image}}\n                        <figure class=\"productOptions-list-item-figure\">\n                            <img class=\"productOptions-list-item-image lazyload\" data-sizes=\"auto\" src=\"{{cdn 'img/loading.svg'}}\" data-src=\"{{getImage image 'productthumb_size'}}\" alt=\"{{image.alt}}\" title=\"{{image.alt}}\">\n                        </figure>\n                    {{/if}}\n                    <div class=\"productOptions-list-item-content\">\n                        <input\n                            class=\"form-radio\"\n                            type=\"radio\"\n                            name=\"attribute[{{../id}}]\"\n                            value=\"{{id}}\"\n                            id=\"attribute_productlist_{{../id}}_{{id}}\"\n                            {{#if selected}}\n                                checked\n                                data-default\n                            {{/if}}\n                            {{#if ../required}}required{{/if}}>\n                        <label data-product-attribute-value=\"{{id}}\" class=\"form-label\" for=\"attribute_productlist_{{../id}}_{{id}}\">{{label}}</label>\n                    </div>\n                </li>\n            {{/each}}\n        </ul>\n    {{else}}\n        {{#unless required}}\n        <input class=\"form-radio\"\n               type=\"radio\"\n               name=\"attribute[{{id}}]\"\n               value=\"0\"\n               id=\"attribute_productlist_0_{{id}}\"\n               {{#if defaultValue '==' 0}}checked{{/if}}>\n        <label class=\"form-label\" for=\"attribute_productlist_0_{{id}}\">{{lang 'products.none'}}</label>\n        {{/unless}}\n        {{#each values}}\n            <input\n                class=\"form-radio\"\n                type=\"radio\"\n                name=\"attribute[{{../id}}]\"\n                value=\"{{id}}\"\n                id=\"attribute_productlist_{{../id}}_{{id}}\"\n                {{#if selected}}checked{{/if}}\n                {{#if ../required}}required{{/if}}>\n            <label data-product-attribute-value=\"{{id}}\" class=\"form-label\" for=\"attribute_productlist_{{../id}}_{{id}}\">{{label}}</label>\n        {{/each}}\n    {{/if}}\n</div>\n",
  "components/products/options/set-select": "<div class=\"form-field\" data-product-attribute=\"set-select\">\n    <label class=\"form-label form-label--alternate form-label--inlineSmall\" for=\"attribute_select_{{../id}}_{{id}}\">\n        {{ this.display_name }}:\n\n        {{#if required}}\n            <small>{{lang 'common.required'}}</small>\n        {{/if}}\n    </label>\n\n    <select class=\"form-select form-select--small\" name=\"attribute[{{this.id}}]\" id=\"attribute_select_{{../id}}_{{id}}\" {{#if required}}required{{/if}}>\n        <option value=\"\">{{lang 'products.choose_options'}}</option>\n        {{#each this.values}}\n            <option data-product-attribute-value=\"{{id}}\" value=\"{{id}}\" {{#if selected}}selected data-default{{/if}}>{{label}}</option>\n        {{/each}}\n    </select>\n</div>\n",
  "components/products/options/swatch": "<div class=\"form-field\" data-product-attribute=\"swatch\">\n    <label class=\"form-label form-label--alternate form-label--inlineSmall\">\n        {{this.display_name}}:\n        <span data-option-value></span>\n\n        {{#if required}}\n            <small>{{lang 'common.required'}}</small>\n        {{/if}}\n    </label>\n\n    {{#each this.values}}\n        <input class=\"form-radio\" type=\"radio\" name=\"attribute[{{../id}}]\" value=\"{{id}}\" id=\"attribute_swatch_{{../id}}_{{id}}\" {{#if selected}}checked data-default{{/if}} {{#if ../required}}required{{/if}} placeholder=\"{{this.label}}\" title=\"{{this.label}}\">\n        <label class=\"form-option form-option-swatch{{#if pattern}} has-pattern{{/if}}{{#if data.[2]}} three-colors{{/if}}{{#if data.[1]}} two-colors{{/if}}\" for=\"attribute_swatch_{{../id}}_{{id}}\" data-product-attribute-value=\"{{id}}\">\n            {{#if image}}\n                <span class='form-option-variant form-option-variant--pattern' title=\"{{this.label}}\" style=\"background-image: url('{{getImage image \"swatch_option_size\"}}');\" data-img-src=\"{{getImage image 'core-swatch'}}\"></span>\n            {{/if}}\n            {{#if data.[2]}}\n                <span class='form-option-variant form-option-variant--color {{this.label}} three-colors' data-color=\"#{{data.[0]}}\" title=\"{{this.label}}\" style=\"background-color: #{{data.[0]}}\"></span>\n                <span class='form-option-variant form-option-variant--color {{this.label}} three-colors' data-color-1=\"#{{data.[1]}}\" title=\"{{this.label}}\" style=\"background-color: #{{data.[1]}}\"></span>\n                <span class='form-option-variant form-option-variant--color {{this.label}} three-colors' data-color-2=\"#{{data.[2]}}\" title=\"{{this.label}}\" style=\"background-color: #{{data.[2]}}\"></span>\n            {{else}}\n                {{#if data.[1]}}\n                    <span class='form-option-variant form-option-variant--color {{this.label}} two-colors' data-color=\"#{{data.[0]}}\" title=\"{{this.label}}\" style=\"background-color: #{{data.[0]}}\"></span>\n                    <span class='form-option-variant form-option-variant--color {{this.label}} two-colors' data-color-1=\"#{{data.[1]}}\" title=\"{{this.label}}\" style=\"background-color: #{{data.[1]}}\"></span>\n                {{else}}\n                    {{#if data.[0]}}\n                        <span class='form-option-variant form-option-variant--color {{this.label}} one-color' data-color=\"#{{data.[0]}}\" title=\"{{this.label}}\" style=\"background-color: #{{data.[0]}}\"></span>\n                    {{/if}}\n                {{/if}}\n            {{/if}}\n            {{#if pattern}}\n                <span class=\"form-option-expanded\">\n                    <span class=\"form-option-image\" style=\"background-image: url('{{getImage image 'core-swatch'}}');\"></span>\n                </span>\n            {{/if}}\n        </label>\n    {{/each}}\n</div>\n",
  "components/products/options/textarea": "<div class=\"form-field\" data-product-attribute=\"textarea\">\n    <label class=\"form-label form-label--alternate form-label--inlineSmall\" for=\"attribute_textarea_{{../id}}_{{id}}\">\n        {{display_name}}:\n\n        {{#if required}}\n            <small>{{lang 'common.required'}}</small>\n        {{/if}}\n    </label>\n\n    <textarea class=\"form-input\" id=\"attribute_textarea_{{../id}}_{{id}}\" name=\"attribute[{{id}}]\" {{#if required}}required{{/if}}>{{prefill}}</textarea>\n</div>\n",
  "components/common/forms/text": "<div class=\"form-field\" id=\"{{id}}\" data-validation=\"{{validation}}\" {{#if private_id}}data-type=\"{{private_id}}\"{{/if}}>\n    <label class=\"form-label\" for=\"{{id}}_input\">{{label}}\n        {{#if required}}<small>{{lang 'common.required' }}</small>{{/if}}\n    </label>\n    <input type=\"text\" id=\"{{id}}_input\" data-label=\"{{label}}\" name=\"{{name}}\" {{#if value}} value=\"{{value}}\"{{/if}} {{#if placeholder}} placeholder=\"{{placeholder}}\"{{/if}} class=\"form-input\" aria-required=\"{{required}}\" {{#if private_id}}data-field-type=\"{{private_id}}\"{{/if}}>\n</div>\n",
  "components/common/forms/multiline": "<div class=\"form-field\" id=\"{{id}}\" data-validation=\"{{validation}}\">\n    <label class=\"form-label\" for=\"{{id}}_input\">{{label}}\n        {{#if required}}\n            <small>{{lang 'common.required' }}</small>\n        {{/if}}\n    </label>\n    <textarea name=\"{{name}}\" id=\"{{id}}_input\" data-label=\"{{label}}\" rows=\"{{rows}}\" aria-required=\"{{required}}\" class=\"form-input\" {{#if private_id}}data-field-type=\"{{private_id}}\"{{/if}}>{{value}}</textarea>\n</div>\n",
  "components/products/price-range": "{{#and price.retail_price_range.min.with_tax price.retail_price_range.max.with_tax}}\n    <div class=\"price-section price-section--withTax rrp-price--withTax\">\n        {{theme_settings.pdp-retail-price-label}}\n        <span data-product-rrp-price-with-tax class=\"price price--rrp\">{{price.retail_price_range.min.with_tax.formatted}} - {{price.retail_price_range.max.with_tax.formatted}}</span>\n    </div>\n{{else}}\n    {{#if price.with_tax}}\n        <div class=\"price-section price-section--withTax rrp-price--withTax\" style=\"display: none;\">\n            {{theme_settings.pdp-retail-price-label}}\n            <span data-product-rrp-with-tax class=\"price price--rrp\">\n                {{price.rrp_with_tax.formatted}}\n            </span>\n        </div>\n    {{/if}}\n{{/and}}\n{{#and price.price_range.min.with_tax price.price_range.max.with_tax}}\n    {{!-- Never display the \"non-sales price\" if there is a price range to be shown, but we do want the element on the page --}}\n    <div class=\"price-section price-section--withTax non-sale-price--withTax price-none\" style=\"display: none;\">\n        <span data-product-non-sale-price-with-tax class=\"price price--non-sale\">\n            {{price.non_sale_price_with_tax.formatted}}\n        </span>\n    </div>\n    <div class=\"price-section price-section--withTax\" {{#if schema_org}}itemprop=\"offers\" itemscope itemtype=\"http://schema.org/Offer\"{{/if}}>\n        <span data-product-price-with-tax class=\"price price--withTax\">{{price.price_range.min.with_tax.formatted}} - {{price.price_range.max.with_tax.formatted}}</span>\n        {{#and price.price_range.min.without_tax price.price_range.max.without_tax}}\n            <abbr title=\"{{lang 'products.including_tax'}}\">{{lang 'products.price_with_tax' tax_label=price.price_range.min.tax_label}}</abbr>\n        {{/and}}\n        {{#if schema_org}}\n            <meta itemprop=\"availability\" content=\"{{product.availability}}\">\n            <meta itemprop=\"itemCondition\" itemtype=\"http://schema.org/OfferItemCondition\" content=\"http://schema.org/{{product.condition}}Condition\">\n            <div itemprop=\"priceSpecification\" itemscope itemtype=\"http://schema.org/PriceSpecification\">\n                <meta itemprop=\"minPrice\" content=\"{{price_range.min.with_tax.value}}\"  />\n                <meta itemprop=\"price\" content=\"{{price_range.min.with_tax.value}}\">\n                <meta itemprop=\"maxPrice\" content=\"{{price_range.max.with_tax.value}}\"  />\n                <meta itemprop=\"priceCurrency\" content=\"{{currency_selector.active_currency_code}}\">\n                <meta itemprop=\"valueAddedTaxIncluded\" content=\"true\">\n            </div>\n        {{/if}}\n    </div>\n{{/and}}\n{{#and price.retail_price_range.min.without_tax price.retail_price_range.max.without_tax}}\n    <div class=\"price-section price-section--withoutTax rrp-price--withoutTax{{#if price.with_tax}} price-section--minor{{/if}}\">\n        {{theme_settings.pdp-retail-price-label}}\n        <span data-product-rrp-price-without-tax class=\"price price--rrp\">{{price.retail_price_range.min.without_tax.formatted}} - {{price.retail_price_range.max.without_tax.formatted}}</span>\n    </div>\n{{else}}\n    {{#if price.without_tax}}\n        <div class=\"price-section price-section--withoutTax rrp-price--withoutTax{{#if price.with_tax}} price-section--minor{{/if}}\" style=\"display: none;\">\n            {{theme_settings.pdp-retail-price-label}}\n            <span data-product-rrp-price-without-tax class=\"price price--rrp\">\n                {{price.rrp_without_tax.formatted}}\n            </span>\n        </div>\n    {{/if}}\n{{/and}}\n{{#and price.price_range.min.without_tax price.price_range.max.without_tax}}\n    {{!-- Never display the \"non-sales price\" if there is a price range to be shown, but we do want the element on the page --}}\n    <div class=\"price-section price-section--withoutTax non-sale-price--withoutTax{{#if price.with_tax}} price-section--minor{{/if}} price-none\" style=\"display: none;\">\n        <span data-product-non-sale-price-without-tax class=\"price price--non-sale\">\n            {{price.non_sale_price_without_tax.formatted}}\n        </span>\n    </div>\n    <div class=\"price-section price-section--withoutTax{{#and price_range.min.with_tax price_range.max.with_tax}} price-section--minor{{/and}}\" {{#if schema_org}}itemprop=\"offers\" itemscope itemtype=\"http://schema.org/Offer\"{{/if}}>\n        <span data-product-price-without-tax class=\"price price--withoutTax\">{{price.price_range.min.without_tax.formatted}} - {{price.price_range.max.without_tax.formatted}}</span>\n        {{#and price.price_range.min.with_tax price.price_range.max.with_tax}}\n            <abbr title=\"{{lang 'products.excluding_tax'}}\">{{lang 'products.price_without_tax' tax_label=price.price_range.min.tax_label}}</abbr>\n        {{/and}}\n        {{#if schema_org}}\n            <meta itemprop=\"availability\" content=\"{{product.availability}}\">\n            <meta itemprop=\"itemCondition\" itemtype=\"http://schema.org/OfferItemCondition\" content=\"http://schema.org/{{product.condition}}Condition\">\n            <div itemprop=\"priceSpecification\" itemscope itemtype=\"http://schema.org/PriceSpecification\">\n                <meta itemprop=\"minPrice\" content=\"{{price.price_range.min.without_tax.value}}\"  />\n                <meta itemprop=\"price\" content=\"{{price.price_range.min.without_tax.value}}\">\n                <meta itemprop=\"maxPrice\" content=\"{{price.price_range.max.without_tax.value}}\"  />\n                <meta itemprop=\"priceCurrency\" content=\"{{currency_selector.active_currency_code}}\">\n                <meta itemprop=\"valueAddedTaxIncluded\" content=\"false\">\n            </div>\n        {{/if}}\n    </div>\n{{/and}}\n\n{{!-- Never display the \"saving price\" element by default if there is a price range on the page to be shown --}}\n{{#if page_type '===' 'product'}}\n     <div class=\"price-section price-section--saving price\" style=\"display: none;\">\n            <span class=\"price\">{{lang 'products.you_save_opening_text'}}</span>\n            <span data-product-price-saved class=\"price price--saving\">\n                {{price.saved.formatted}}\n            </span>\n            <span class=\"price\">{{lang 'products.you_save_closing_bracket'}}</span>\n     </div>\n{{/if}}\n"
}